scenario_id,category,datasets_json,omega,K,N_min,method,ci_low,ci_high,ci_width,clipped,valid,runtime_ms,width_ratio_vs_sim,jaccard_vs_sim,overlap_vs_sim,endpoint_abs_err_vs_sim,center_abs_err_vs_sim
0,single,"[[79, 169, 68]]",1.0,1000,180,Simulation (reference),185.0,213.0,28.0,False,True,275.1026999903843,1.0,1.0,28.0,0.0,0.0
0,single,"[[79, 169, 68]]",1.0,1000,180,ehp CI,186.0,214.0,28.0,False,True,0.6529999664053321,1.0,0.9310344827586207,27.0,2.0,1.0
0,single,"[[79, 169, 68]]",1.0,1000,180,Established CI #1,183.33867590942828,209.75267884499812,26.41400293556984,False,True,0.27189997490495443,0.9433572476989228,0.8345102453759341,24.752678844998115,4.908645245573609,2.4543226227868047
0,single,"[[79, 169, 68]]",1.0,1000,180,Established CI #2,185.0,215.0,30.0,False,True,3.9218999445438385,1.0714285714285714,0.9333333333333333,28.0,2.0,1.0
1,single,"[[114, 121, 44]]",1.0,1568,191,Simulation (reference),263.0,384.0,121.0,False,True,410.2859999984503,1.0,1.0,121.0,0.0,0.0
1,single,"[[114, 121, 44]]",1.0,1568,191,ehp CI,265.0,387.0,122.0,False,True,0.7532999152317643,1.0082644628099173,0.9596774193548387,119.0,5.0,2.5
1,single,"[[114, 121, 44]]",1.0,1568,191,Established CI #1,259.6632573665334,371.95415377602,112.2908964094866,False,True,0.21189998369663954,0.9280239372684843,0.8762828385910586,108.95415377602001,15.382588857446592,7.691294428723268
1,single,"[[114, 121, 44]]",1.0,1568,191,Established CI #2,264.0,390.0,126.0,False,True,4.1455000173300505,1.0413223140495869,0.9448818897637795,120.0,7.0,3.5
2,single,"[[147, 134, 27]]",1.0,3648,254,Simulation (reference),546.0,1036.0,490.0,False,True,1278.8040000014007,1.0,1.0,490.0,0.0,0.0
2,single,"[[147, 134, 27]]",1.0,3648,254,ehp CI,548.0,1037.0,489.0,False,True,2.0185000030323863,0.9979591836734694,0.9938900203665988,488.0,3.0,1.5
2,single,"[[147, 134, 27]]",1.0,3648,254,Established CI #1,532.0328597731674,954.3734592498846,422.3405994767172,False,True,0.229199999012053,0.8619195907688106,0.810317631157615,408.3734592498846,95.59368097694801,47.796840488474004
2,single,"[[147, 134, 27]]",1.0,3648,254,Established CI #2,546.0,1042.0,496.0,False,True,6.072400021366775,1.0122448979591836,0.9879032258064516,490.0,6.0,3.0
3,single,"[[45, 144, 18]]",1.0,1800,171,Simulation (reference),266.0,548.0,282.0,False,True,597.77940006461,1.0,1.0,282.0,0.0,0.0
3,single,"[[45, 144, 18]]",1.0,1800,171,ehp CI,266.0,545.0,279.0,False,True,1.1383999371901155,0.9893617021276596,0.9893617021276596,279.0,3.0,1.5
3,single,"[[45, 144, 18]]",1.0,1800,171,Established CI #1,255.7484724591103,479.13030993738477,223.38183747827446,False,True,0.29939995147287846,0.792134175454874,0.7292701315566781,213.13030993738477,79.12121760350493,39.56060880175244
3,single,"[[45, 144, 18]]",1.0,1800,171,Established CI #2,265.0,549.0,284.0,False,True,4.790500039234757,1.0070921985815602,0.9929577464788732,282.0,2.0,0.0
4,single,"[[164, 101, 40]]",1.0,2071,225,Simulation (reference),341.0,526.0,185.0,False,True,654.4971000403166,1.0,1.0,185.0,0.0,0.0
4,single,"[[164, 101, 40]]",1.0,2071,225,ehp CI,342.0,527.0,185.0,False,True,0.8628999348729849,1.0,0.989247311827957,184.0,2.0,1.0
4,single,"[[164, 101, 40]]",1.0,2071,225,Established CI #1,334.17463985630144,501.7743489330824,167.59970907678098,False,True,0.1832999987527728,0.9059443733880053,0.8381287480062309,160.77434893308242,31.05101121061614,15.52550560530807
4,single,"[[164, 101, 40]]",1.0,2071,225,Established CI #2,340.0,530.0,190.0,False,True,4.10839996766299,1.027027027027027,0.9736842105263158,185.0,5.0,1.5
5,single,"[[162, 172, 132]]",1.0,1056,202,Simulation (reference),205.0,220.0,15.0,False,True,297.096399939619,1.0,1.0,15.0,0.0,0.0
5,single,"[[162, 172, 132]]",1.0,1056,202,ehp CI,205.0,220.0,15.0,False,True,1.4335999730974436,1.0,1.0,15.0,0.0,0.0
5,single,"[[162, 172, 132]]",1.0,1056,202,Established CI #1,203.74553876492877,218.55948147733588,14.813942712407112,False,True,0.3242000238969922,0.9875961808271408,0.8342006099888094,13.55948147733588,2.6949797577353536,1.347489878867691
5,single,"[[162, 172, 132]]",1.0,1056,202,Established CI #2,205.0,221.0,16.0,False,True,3.917700028978288,1.0666666666666667,0.9375,15.0,1.0,0.5
6,single,"[[109, 110, 51]]",1.0,1176,168,Simulation (reference),207.0,279.0,72.0,False,True,305.4820999968797,1.0,1.0,72.0,0.0,0.0
6,single,"[[109, 110, 51]]",1.0,1176,168,ehp CI,206.0,278.0,72.0,False,True,0.6288000149652362,1.0,0.9726027397260274,71.0,2.0,1.0
6,single,"[[109, 110, 51]]",1.0,1176,168,Established CI #1,202.6264116066356,269.78732214028076,67.16091053364516,False,True,0.18450000789016485,0.9327904240784051,0.8221077922500227,62.787322140280764,13.586266253083636,6.793133126541818
6,single,"[[109, 110, 51]]",1.0,1176,168,Established CI #2,206.0,280.0,74.0,False,True,2.4619000032544136,1.0277777777777777,0.972972972972973,72.0,2.0,0.0
7,single,"[[188, 112, 100]]",1.0,1053,200,Simulation (reference),203.0,221.0,18.0,False,True,293.9204000867903,1.0,1.0,18.0,0.0,0.0
7,single,"[[188, 112, 100]]",1.0,1053,200,ehp CI,203.0,222.0,19.0,False,True,0.508100027218461,1.0555555555555556,0.9473684210526315,18.0,1.0,0.5
7,single,"[[188, 112, 100]]",1.0,1053,200,Established CI #1,201.52552331102936,219.781067090934,18.255543779904627,False,True,0.2087999600917101,1.0141968766613683,0.8616954056813212,16.781067090933988,2.693409598036652,1.3467047990183119
7,single,"[[188, 112, 100]]",1.0,1053,200,Established CI #2,203.0,223.0,20.0,False,True,2.6307000080123544,1.1111111111111112,0.9,18.0,2.0,1.0
8,single,"[[181, 93, 53]]",1.0,1589,221,Simulation (reference),277.0,377.0,100.0,False,True,491.758199990727,1.0,1.0,100.0,0.0,0.0
8,single,"[[181, 93, 53]]",1.0,1589,221,ehp CI,278.0,377.0,99.0,False,True,1.1300999904051423,0.99,0.99,99.0,1.0,0.5
8,single,"[[181, 93, 53]]",1.0,1589,221,Established CI #1,273.1770868812771,365.10747806554656,91.93039118426947,False,True,0.4563000984489918,0.9193039118426947,0.8486323049401866,88.10747806554656,15.71543505317635,7.857717526588203
8,single,"[[181, 93, 53]]",1.0,1589,221,Established CI #2,277.0,380.0,103.0,False,True,4.139299970120192,1.03,0.970873786407767,100.0,3.0,1.5
9,single,"[[127, 71, 58]]",1.0,1000,140,Simulation (reference),145.0,171.0,26.0,False,True,264.55339998938143,1.0,1.0,26.0,0.0,0.0
9,single,"[[127, 71, 58]]",1.0,1000,140,ehp CI,145.0,171.0,26.0,False,True,0.5403000395745039,1.0,1.0,26.0,0.0,0.0
9,single,"[[127, 71, 58]]",1.0,1000,140,Established CI #1,143.3497954655061,168.0371578951924,24.68736242968629,False,True,0.19209994934499264,0.9495139396033188,0.8331641043180464,23.037157895192394,4.613046639301501,2.3065233196507506
9,single,"[[127, 71, 58]]",1.0,1000,140,Established CI #2,145.0,173.0,28.0,False,True,2.7333999751135707,1.0769230769230769,0.9285714285714286,26.0,2.0,1.0
10,single,"[[89, 130, 31]]",1.0,1867,188,Simulation (reference),298.0,498.0,200.0,False,True,540.3703999472782,1.0,1.0,200.0,0.0,0.0
10,single,"[[89, 130, 31]]",1.0,1867,188,ehp CI,297.0,498.0,201.0,False,True,1.1538000544533134,1.005,0.9950248756218906,200.0,1.0,0.5
10,single,"[[89, 130, 31]]",1.0,1867,188,Established CI #1,289.3976537850322,466.5218070722064,177.12415328717418,False,True,0.206399941816926,0.885620766435871,0.8078615132091669,168.5218070722064,40.08053914276138,20.04026957138069
10,single,"[[89, 130, 31]]",1.0,1867,188,Established CI #2,296.0,502.0,206.0,False,True,2.9212000081315637,1.03,0.970873786407767,200.0,6.0,1.0
11,single,"[[108, 52, 26]]",1.0,1080,134,Simulation (reference),177.0,290.0,113.0,False,True,285.3931999998167,1.0,1.0,113.0,0.0,0.0
11,single,"[[108, 52, 26]]",1.0,1080,134,ehp CI,175.0,288.0,113.0,False,True,0.5970000056549907,1.0,0.9652173913043478,111.0,4.0,2.0
11,single,"[[108, 52, 26]]",1.0,1080,134,Established CI #1,169.87224666710858,266.98430428627415,97.11205761916557,False,True,0.18829992040991783,0.8593987399926156,0.7490717322991516,89.98430428627415,30.143449046617263,15.071724523308632
11,single,"[[108, 52, 26]]",1.0,1080,134,Established CI #2,175.0,291.0,116.0,False,True,2.4382000556215644,1.0265486725663717,0.9741379310344828,113.0,3.0,0.5
12,single,"[[61, 198, 57]]",1.0,1060,202,Simulation (reference),204.0,229.0,25.0,False,True,278.5854999674484,1.0,1.0,25.0,0.0,0.0
12,single,"[[61, 198, 57]]",1.0,1060,202,ehp CI,204.0,229.0,25.0,False,True,0.532899983227253,1.0,1.0,25.0,0.0,0.0
12,single,"[[61, 198, 57]]",1.0,1060,202,Established CI #1,202.0,223.653382491207,21.653382491206997,False,True,0.1838000025600195,0.8661352996482798,0.7279030552298887,19.653382491206997,7.346617508793003,3.673308754396487
12,single,"[[61, 198, 57]]",1.0,1060,202,Established CI #2,203.0,232.0,29.0,False,True,2.3107000160962343,1.16,0.8620689655172413,25.0,4.0,1.0
13,single,"[[98, 114, 44]]",1.0,1270,168,Simulation (reference),217.0,309.0,92.0,False,True,317.6638000877574,1.0,1.0,92.0,0.0,0.0
13,single,"[[98, 114, 44]]",1.0,1270,168,ehp CI,217.0,309.0,92.0,False,True,0.646200031042099,1.0,1.0,92.0,0.0,0.0
13,single,"[[98, 114, 44]]",1.0,1270,168,Established CI #1,213.20521721025509,297.85387445455757,84.64865724430248,False,True,0.1846000086516142,0.9200941004815487,0.844032128889729,80.85387445455757,14.940908335187345,7.470454167593687
13,single,"[[98, 114, 44]]",1.0,1270,168,Established CI #2,217.0,312.0,95.0,False,True,2.430699998512864,1.0326086956521738,0.968421052631579,92.0,3.0,1.5
14,single,"[[95, 37, 16]]",1.0,1099,116,Simulation (reference),161.0,335.0,174.0,False,True,298.0526000028476,1.0,1.0,174.0,0.0,0.0
14,single,"[[95, 37, 16]]",1.0,1099,116,ehp CI,163.0,338.0,175.0,False,True,0.5944999866187572,1.0057471264367817,0.9717514124293786,172.0,5.0,2.5
14,single,"[[95, 37, 16]]",1.0,1099,116,Established CI #1,156.1872946742947,292.0847969816555,135.89750230736078,False,True,0.175100052729249,0.7810201282032229,0.7330843562983179,131.08479698165547,47.72790834404984,23.863954172024933
14,single,"[[95, 37, 16]]",1.0,1099,116,Established CI #2,163.0,340.0,177.0,False,True,2.4254999589174986,1.0172413793103448,0.9608938547486033,172.0,7.0,3.5
15,single,"[[173, 102, 37]]",1.0,2385,238,Simulation (reference),387.0,619.0,232.0,False,True,704.1345000034198,1.0,1.0,232.0,0.0,0.0
15,single,"[[173, 102, 37]]",1.0,2385,238,ehp CI,386.0,619.0,233.0,False,True,1.885299920104444,1.0043103448275863,0.9957081545064378,232.0,1.0,0.5
15,single,"[[173, 102, 37]]",1.0,2385,238,Established CI #1,377.355760946895,586.9635660171194,209.60780507022446,False,True,0.31539995688945055,0.9034819184061399,0.8275122419664819,199.96356601711943,41.68067303598559,20.840336517992796
15,single,"[[173, 102, 37]]",1.0,2385,238,Established CI #2,385.0,624.0,239.0,False,True,3.5429999697953463,1.0301724137931034,0.9707112970711297,232.0,7.0,1.5
16,single,"[[123, 163, 43]]",1.0,2332,243,Simulation (reference),383.0,587.0,204.0,False,True,680.6273000547662,1.0,1.0,204.0,0.0,0.0
16,single,"[[123, 163, 43]]",1.0,2332,243,ehp CI,385.0,589.0,204.0,False,True,1.0730000212788582,1.0,0.9805825242718447,202.0,4.0,2.0
16,single,"[[123, 163, 43]]",1.0,2332,243,Established CI #1,377.1383534673887,563.9539640188806,186.8156105514919,False,True,0.2101999707520008,0.9157627968210387,0.862253618079573,180.95396401888058,28.90768251373072,14.45384125686536
16,single,"[[123, 163, 43]]",1.0,2332,243,Established CI #2,384.0,593.0,209.0,False,True,2.688799984753132,1.0245098039215685,0.9666666666666667,203.0,7.0,3.5
17,single,"[[173, 153, 68]]",1.0,1947,258,Simulation (reference),342.0,453.0,111.0,False,True,577.4706000229344,1.0,1.0,111.0,0.0,0.0
17,single,"[[173, 153, 68]]",1.0,1947,258,ehp CI,343.0,454.0,111.0,False,True,0.9620999917387962,1.0,0.9821428571428571,110.0,2.0,1.0
17,single,"[[173, 153, 68]]",1.0,1947,258,Established CI #1,338.2470938093637,443.57613448957756,105.32904068021384,False,True,0.2031000331044197,0.9489102763983228,0.8851726536740737,101.57613448957756,13.176771701058726,6.588385850529335
17,single,"[[173, 153, 68]]",1.0,1947,258,Established CI #2,342.0,457.0,115.0,False,True,2.5612000608816743,1.0360360360360361,0.9652173913043478,111.0,4.0,2.0
18,single,"[[51, 70, 19]]",1.0,1000,102,Simulation (reference),142.0,273.0,131.0,False,True,267.46739994268864,1.0,1.0,131.0,0.0,0.0
18,single,"[[51, 70, 19]]",1.0,1000,102,ehp CI,143.0,274.0,131.0,False,True,0.5077000241726637,1.0,0.9848484848484849,130.0,2.0,1.0
18,single,"[[51, 70, 19]]",1.0,1000,102,Established CI #1,137.9444714564154,244.36615432355765,106.42168286714224,False,True,0.17090002074837685,0.8123792585278033,0.7579560453944871,102.36615432355765,32.689374220026934,16.344687110013467
18,single,"[[51, 70, 19]]",1.0,1000,102,Established CI #2,143.0,277.0,134.0,False,True,2.3618999402970076,1.0229007633587786,0.9629629629629629,130.0,5.0,2.5
19,single,"[[176, 139, 87]]",1.0,1406,228,Simulation (reference),260.0,312.0,52.0,False,True,387.92480004485697,1.0,1.0,52.0,0.0,0.0
19,single,"[[176, 139, 87]]",1.0,1406,228,ehp CI,259.0,312.0,53.0,False,True,1.430200063623488,1.0192307692307692,0.9811320754716981,52.0,1.0,0.5
19,single,"[[176, 139, 87]]",1.0,1406,228,Established CI #1,256.41410970619336,307.0472929694678,50.63318326327442,False,True,0.23659993894398212,0.9737150627552773,0.8463891235850146,47.047292969467776,8.538597324338866,4.269298662169433
19,single,"[[176, 139, 87]]",1.0,1406,228,Established CI #2,259.0,313.0,54.0,False,True,3.580999909900129,1.0384615384615385,0.9629629629629629,52.0,2.0,0.0
20,single,"[[64, 137, 37]]",1.0,1185,164,Simulation (reference),202.0,293.0,91.0,False,True,333.09279999230057,1.0,1.0,91.0,0.0,0.0
20,single,"[[64, 137, 37]]",1.0,1185,164,ehp CI,202.0,293.0,91.0,False,True,0.6957000587135553,1.0,1.0,91.0,0.0,0.0
20,single,"[[64, 137, 37]]",1.0,1185,164,Established CI #1,197.72743139915306,279.4237462209051,81.69631482175205,False,True,0.26000000070780516,0.8977617013379346,0.8126551782736007,77.42374622090512,17.848822379941822,8.924411189970897
20,single,"[[64, 137, 37]]",1.0,1185,164,Established CI #2,202.0,296.0,94.0,False,True,2.8052000561729074,1.032967032967033,0.9680851063829787,91.0,3.0,1.5
21,single,"[[175, 195, 127]]",1.0,1344,243,Simulation (reference),257.0,285.0,28.0,False,True,388.4280000347644,1.0,1.0,28.0,0.0,0.0
21,single,"[[175, 195, 127]]",1.0,1344,243,ehp CI,256.0,285.0,29.0,False,True,0.6270000012591481,1.0357142857142858,0.9655172413793104,28.0,1.0,0.5
21,single,"[[175, 195, 127]]",1.0,1344,243,Established CI #1,254.56892511613884,283.19344148980576,28.62451637366692,False,True,0.1943999668583274,1.02230415620239,0.8607465096047993,26.193441489805764,4.237633394055393,2.1188166970276825
21,single,"[[175, 195, 127]]",1.0,1344,243,Established CI #2,256.0,286.0,30.0,False,True,3.5952000180259347,1.0714285714285714,0.9333333333333333,28.0,2.0,0.0
22,single,"[[89, 117, 77]]",1.0,1000,129,Simulation (reference),130.0,143.0,13.0,False,True,244.76210004650056,1.0,1.0,13.0,0.0,0.0
22,single,"[[89, 117, 77]]",1.0,1000,129,ehp CI,130.0,143.0,13.0,False,True,0.5184999899938703,1.0,1.0,13.0,0.0,0.0
22,single,"[[89, 117, 77]]",1.0,1000,129,Established CI #1,129.0,141.68994314825642,12.689943148256418,False,True,0.18049997743219137,0.9761494729428014,0.8349959391611728,11.689943148256418,2.3100568517435818,1.1550284258717909
22,single,"[[89, 117, 77]]",1.0,1000,129,Established CI #2,130.0,144.0,14.0,False,True,4.06549999024719,1.0769230769230769,0.9285714285714286,13.0,1.0,0.5
23,single,"[[194, 33, 13]]",1.0,2463,214,Simulation (reference),336.0,834.0,498.0,False,True,793.0194999789819,1.0,1.0,498.0,0.0,0.0
23,single,"[[194, 33, 13]]",1.0,2463,214,ehp CI,341.0,838.0,497.0,False,True,1.673900056630373,0.9979919678714859,0.9820717131474104,493.0,9.0,4.5
23,single,"[[194, 33, 13]]",1.0,2463,214,Established CI #1,324.88110811427487,687.4014817244715,362.52037361019666,False,True,0.20929996389895678,0.727952557450194,0.6902149720331843,351.4014817244715,157.7174101612536,78.8587050806268
23,single,"[[194, 33, 13]]",1.0,2463,214,Established CI #2,341.0,836.0,495.0,False,True,2.785200020298362,0.9939759036144579,0.986,493.0,7.0,3.5
24,single,"[[117, 157, 96]]",1.0,1000,178,Simulation (reference),183.0,203.0,20.0,False,True,250.4893000004813,1.0,1.0,20.0,0.0,0.0
24,single,"[[117, 157, 96]]",1.0,1000,178,ehp CI,183.0,203.0,20.0,False,True,1.0637999512255192,1.0,1.0,20.0,0.0,0.0
24,single,"[[117, 157, 96]]",1.0,1000,178,Established CI #1,181.48703061880298,201.4458293489662,19.958798730163238,False,True,0.22820010781288147,0.9979399365081619,0.8574283271693967,18.445829348966214,3.06714003223081,1.533570016115391
24,single,"[[117, 157, 96]]",1.0,1000,178,Established CI #2,183.0,205.0,22.0,False,True,2.9311999678611755,1.1,0.9090909090909091,20.0,2.0,1.0
25,single,"[[188, 75, 49]]",1.0,1439,214,Simulation (reference),253.0,339.0,86.0,False,True,406.4185000024736,1.0,1.0,86.0,0.0,0.0
25,single,"[[188, 75, 49]]",1.0,1439,214,ehp CI,254.0,340.0,86.0,False,True,0.7065000245347619,1.0,0.9770114942528736,85.0,2.0,1.0
25,single,"[[188, 75, 49]]",1.0,1439,214,Established CI #1,249.34208796295644,328.6899498979724,79.34786193501594,False,True,0.188700039871037,0.9226495573839063,0.8442082597986433,75.68994989797238,13.967962139071176,6.983981069535616
25,single,"[[188, 75, 49]]",1.0,1439,214,Established CI #2,253.0,343.0,90.0,False,True,2.6514000492170453,1.0465116279069768,0.9555555555555556,86.0,4.0,2.0
26,single,"[[34, 58, 27]]",1.0,1000,65,Simulation (reference),66.0,86.0,20.0,False,True,290.91400001198053,1.0,1.0,20.0,0.0,0.0
26,single,"[[34, 58, 27]]",1.0,1000,65,ehp CI,66.0,86.0,20.0,False,True,0.5147000774741173,1.0,1.0,20.0,0.0,0.0
26,single,"[[34, 58, 27]]",1.0,1000,65,Established CI #1,65.0,81.99297121611552,16.99297121611552,False,True,0.18440000712871552,0.849648560805776,0.7615700579102629,15.99297121611552,5.007028783884479,2.5035143919422467
26,single,"[[34, 58, 27]]",1.0,1000,65,Established CI #2,66.0,88.0,22.0,False,True,2.2682000417262316,1.1,0.9090909090909091,20.0,2.0,1.0
27,single,"[[58, 71, 18]]",1.0,1144,111,Simulation (reference),169.0,344.0,175.0,False,True,304.37579995486885,1.0,1.0,175.0,0.0,0.0
27,single,"[[58, 71, 18]]",1.0,1144,111,ehp CI,170.0,345.0,175.0,False,True,0.8021999383345246,1.0,0.9886363636363636,174.0,2.0,1.0
27,single,"[[58, 71, 18]]",1.0,1144,111,Established CI #1,163.08724337823452,303.77230484383847,140.68506146560395,False,True,0.23310002870857716,0.8039146369463083,0.7449574444637261,134.77230484383847,46.14045177792701,23.070225888963506
27,single,"[[58, 71, 18]]",1.0,1144,111,Established CI #2,169.0,347.0,178.0,False,True,2.9997999081388116,1.0171428571428571,0.9831460674157303,175.0,3.0,1.5
28,single,"[[70, 97, 20]]",1.0,1698,147,Simulation (reference),249.0,503.0,254.0,False,True,470.1777999289334,1.0,1.0,254.0,0.0,0.0
28,single,"[[70, 97, 20]]",1.0,1698,147,ehp CI,251.0,506.0,255.0,False,True,1.0660000843927264,1.0039370078740157,0.980544747081712,252.0,5.0,2.5
28,single,"[[70, 97, 20]]",1.0,1698,147,Established CI #1,241.85294336650873,451.1837217781895,209.3307784116808,False,True,0.19719998817890882,0.824136922880633,0.7742140554237443,202.18372177818952,58.96333485530175,29.481667427650905
28,single,"[[70, 97, 20]]",1.0,1698,147,Established CI #2,250.0,509.0,259.0,False,True,2.5159999495372176,1.0196850393700787,0.9730769230769231,253.0,7.0,3.5
29,single,"[[134, 150, 59]]",1.0,1704,225,Simulation (reference),301.0,405.0,104.0,False,True,480.0677999155596,1.0,1.0,104.0,0.0,0.0
29,single,"[[134, 150, 59]]",1.0,1704,225,ehp CI,297.0,402.0,105.0,False,True,0.8744999067857862,1.0096153846153846,0.9351851851851852,101.0,7.0,3.5
29,single,"[[134, 150, 59]]",1.0,1704,225,Established CI #1,292.84092304716376,391.8563065091779,99.01538346201414,False,True,0.23630005307495594,0.952070994827059,0.8100664607589778,90.8563065091779,21.302770443658346,10.651385221829173
29,single,"[[134, 150, 59]]",1.0,1704,225,Established CI #2,297.0,406.0,109.0,False,True,2.799800015054643,1.0480769230769231,0.9541284403669725,104.0,5.0,1.5
30,single,"[[180, 152, 35]]",1.0,3909,297,Simulation (reference),609.0,1048.0,439.0,False,True,1317.4132000422105,1.0,1.0,439.0,0.0,0.0
30,single,"[[180, 152, 35]]",1.0,3909,297,ehp CI,612.0,1050.0,438.0,False,True,1.7985999584197998,0.9977220956719818,0.9886621315192744,436.0,5.0,2.5
30,single,"[[180, 152, 35]]",1.0,3909,297,Established CI #1,596.8049643331307,988.9463020125813,392.14133767945066,False,True,0.18930004443973303,0.8932604502948762,0.8420888351553295,379.9463020125813,71.248733654288,35.62436682714406
30,single,"[[180, 152, 35]]",1.0,3909,297,Established CI #2,609.0,1056.0,447.0,False,True,2.8571001021191478,1.0182232346241458,0.9821029082774049,439.0,8.0,4.0
31,single,"[[77, 173, 71]]",1.0,1000,179,Simulation (reference),181.0,200.0,19.0,False,True,260.8071999857202,1.0,1.0,19.0,0.0,0.0
31,single,"[[77, 173, 71]]",1.0,1000,179,ehp CI,181.0,200.0,19.0,False,True,0.5213000113144517,1.0,1.0,19.0,0.0,0.0
31,single,"[[77, 173, 71]]",1.0,1000,179,Established CI #1,179.0,196.9108618734194,17.910861873419407,False,True,0.18890004139393568,0.9426769407062846,0.7576600892104479,15.910861873419407,5.089138126580593,2.5445690632902824
31,single,"[[77, 173, 71]]",1.0,1000,179,Established CI #2,181.0,202.0,21.0,False,True,2.4632998974993825,1.105263157894737,0.9047619047619048,19.0,2.0,1.0
32,single,"[[134, 104, 85]]",1.0,1000,153,Simulation (reference),157.0,175.0,18.0,False,True,295.46459997072816,1.0,1.0,18.0,0.0,0.0
32,single,"[[134, 104, 85]]",1.0,1000,153,ehp CI,157.0,175.0,18.0,False,True,0.5136999534443021,1.0,1.0,18.0,0.0,0.0
32,single,"[[134, 104, 85]]",1.0,1000,153,Established CI #1,155.18556998792909,172.94662848879372,17.761058500864635,False,True,0.1762000611051917,0.9867254722702575,0.8047987491479222,15.94662848879372,3.867801523277194,1.933900761638597
32,single,"[[134, 104, 85]]",1.0,1000,153,Established CI #2,156.0,176.0,20.0,False,True,4.653500043787062,1.1111111111111112,0.9,18.0,2.0,0.0
33,single,"[[7, 71, 2]]",1.0,1243,76,Simulation (reference),114.0,1098.0,984.0,False,True,429.70650002826005,1.0,1.0,984.0,0.0,0.0
33,single,"[[7, 71, 2]]",1.0,1243,76,ehp CI,116.0,1100.0,984.0,False,True,0.9728000732138753,1.0,0.9959432048681541,982.0,4.0,2.0
33,single,"[[7, 71, 2]]",1.0,1243,76,Established CI #1,89.10995122176952,409.39310929717703,320.2831580754075,False,True,0.1818999880924821,0.32549101430427596,0.29279019022429564,295.39310929717703,713.4969394810535,356.74846974052673
33,single,"[[7, 71, 2]]",1.0,1243,76,Established CI #2,102.0,1243.0,1141.0,False,True,1.3368999352678657,1.1595528455284554,0.8624014022787029,984.0,157.0,66.5
34,single,"[[194, 156, 69]]",1.0,2194,281,Simulation (reference),384.0,514.0,130.0,False,True,713.5664999950677,1.0,1.0,130.0,0.0,0.0
34,single,"[[194, 156, 69]]",1.0,2194,281,ehp CI,385.0,513.0,128.0,False,True,0.9733999613672495,0.9846153846153847,0.9846153846153847,128.0,2.0,0.0
34,single,"[[194, 156, 69]]",1.0,2194,281,Established CI #1,379.74896002555954,501.403759235136,121.65479920957648,False,True,0.19620009697973728,0.9358061477659729,0.874509123039107,117.40375923513602,16.847280739304438,8.423640369652219
34,single,"[[194, 156, 69]]",1.0,2194,281,Established CI #2,384.0,516.0,132.0,False,True,2.7191999834030867,1.0153846153846153,0.9848484848484849,130.0,2.0,1.0
35,single,"[[174, 117, 96]]",1.0,1061,195,Simulation (reference),201.0,226.0,25.0,False,True,267.2720999689773,1.0,1.0,25.0,0.0,0.0
35,single,"[[174, 117, 96]]",1.0,1061,195,ehp CI,202.0,226.0,24.0,False,True,0.519299996085465,0.96,0.96,24.0,1.0,0.5
35,single,"[[174, 117, 96]]",1.0,1061,195,Established CI #1,200.3421928169883,224.09623132563522,23.754038508646914,False,True,0.18159998580813408,0.9501615403458765,0.9001638823183405,23.096231325635216,2.561575857376482,1.2807879286882553
35,single,"[[174, 117, 96]]",1.0,1061,195,Established CI #2,202.0,228.0,26.0,False,True,2.3315000580623746,1.04,0.8888888888888888,24.0,3.0,1.5
36,single,"[[119, 35, 26]]",1.0,1000,128,Simulation (reference),139.0,200.0,61.0,False,True,254.4670000206679,1.0,1.0,61.0,0.0,0.0
36,single,"[[119, 35, 26]]",1.0,1000,128,ehp CI,139.0,200.0,61.0,False,True,0.542100053280592,1.0,1.0,61.0,0.0,0.0
36,single,"[[119, 35, 26]]",1.0,1000,128,Established CI #1,134.94137077565117,187.3480301458573,52.40665937020614,False,True,0.19340007565915585,0.8591255634460023,0.7431455399887611,48.34803014585731,16.710599078491526,8.355299539245777
36,single,"[[119, 35, 26]]",1.0,1000,128,Established CI #2,139.0,204.0,65.0,False,True,2.426499966531992,1.0655737704918034,0.9384615384615385,61.0,4.0,2.0
37,single,"[[108, 114, 86]]",1.0,1000,136,Simulation (reference),138.0,152.0,14.0,False,True,242.07849998492748,1.0,1.0,14.0,0.0,0.0
37,single,"[[108, 114, 86]]",1.0,1000,136,ehp CI,138.0,151.0,13.0,False,True,0.7568000582978129,0.9285714285714286,0.9285714285714286,13.0,1.0,0.5
37,single,"[[108, 114, 86]]",1.0,1000,136,Established CI #1,136.5603994157939,149.91181964615566,13.351420230361754,False,True,0.5644999910145998,0.9536728735972682,0.7715108678614936,11.911819646155664,3.5277809380504266,1.7638904690252275
37,single,"[[108, 114, 86]]",1.0,1000,136,Established CI #2,138.0,152.0,14.0,False,True,2.795899985358119,1.0,1.0,14.0,0.0,0.0
38,single,"[[142, 189, 141]]",1.0,1000,190,Simulation (reference),190.0,193.0,3.0,False,True,248.77720000222325,1.0,1.0,3.0,0.0,0.0
38,single,"[[142, 189, 141]]",1.0,1000,190,ehp CI,190.0,193.0,3.0,False,True,0.7870999397709966,1.0,1.0,3.0,0.0,0.0
38,single,"[[142, 189, 141]]",1.0,1000,190,Established CI #1,190.0,191.6607295872629,1.6607295872628924,False,True,0.21519989240914583,0.5535765290876308,0.5535765290876308,1.6607295872628924,1.3392704127371076,0.6696352063685538
38,single,"[[142, 189, 141]]",1.0,1000,190,Established CI #2,190.0,193.0,3.0,False,True,2.040799940004945,1.0,1.0,3.0,0.0,0.0
39,single,"[[127, 24, 10]]",1.0,1524,141,Simulation (reference),202.0,570.0,368.0,False,True,490.4601000016555,1.0,1.0,368.0,0.0,0.0
39,single,"[[127, 24, 10]]",1.0,1524,141,ehp CI,204.0,571.0,367.0,False,True,1.0233999928459525,0.9972826086956522,0.991869918699187,366.0,3.0,1.5
39,single,"[[127, 24, 10]]",1.0,1524,141,Established CI #1,193.13165393276196,435.1812832348875,242.0496293021255,False,True,0.22140005603432655,0.6577435578862106,0.6187340636809148,233.18128323488747,143.68706283235056,71.84353141617527
39,single,"[[127, 24, 10]]",1.0,1524,141,Established CI #2,205.0,565.0,360.0,False,True,5.371600040234625,0.9782608695652174,0.9782608695652174,360.0,8.0,1.0
40,single,"[[64, 145, 15]]",1.0,3094,194,Simulation (reference),412.0,1036.0,624.0,False,True,1056.7303000716493,1.0,1.0,624.0,0.0,0.0
40,single,"[[64, 145, 15]]",1.0,3094,194,ehp CI,418.0,1038.0,620.0,False,True,1.4425000408664346,0.9935897435897436,0.987220447284345,618.0,8.0,4.0
40,single,"[[64, 145, 15]]",1.0,3094,194,Established CI #1,400.85604839328084,874.6581647709447,473.8021163776639,False,True,0.18809991888701916,0.7592982634257434,0.7284304032189264,462.6581647709447,172.48578683577443,86.24289341788722
40,single,"[[64, 145, 15]]",1.0,3094,194,Established CI #2,418.0,1034.0,616.0,False,True,2.598299994133413,0.9871794871794872,0.9871794871794872,616.0,8.0,2.0
41,single,"[[151, 178, 77]]",1.0,1746,252,Simulation (reference),312.0,397.0,85.0,False,True,532.147700083442,1.0,1.0,85.0,0.0,0.0
41,single,"[[151, 178, 77]]",1.0,1746,252,ehp CI,313.0,398.0,85.0,False,True,0.8256000000983477,1.0,0.9767441860465116,84.0,2.0,1.0
41,single,"[[151, 178, 77]]",1.0,1746,252,Established CI #1,309.75435938006046,390.5646699560613,80.81031057600086,False,True,0.19509997218847275,0.9507095361882454,0.9004996627660246,78.56466995606132,8.680970663878213,4.340485331939135
41,single,"[[151, 178, 77]]",1.0,1746,252,Established CI #2,313.0,400.0,87.0,False,True,4.03129996266216,1.0235294117647058,0.9545454545454546,84.0,4.0,2.0
42,single,"[[103, 176, 44]]",1.0,2060,235,Simulation (reference),342.0,510.0,168.0,False,True,606.628300040029,1.0,1.0,168.0,0.0,0.0
42,single,"[[103, 176, 44]]",1.0,2060,235,ehp CI,345.0,514.0,169.0,False,True,0.9699000511318445,1.005952380952381,0.9593023255813954,165.0,7.0,3.5
42,single,"[[103, 176, 44]]",1.0,2060,235,Established CI #1,337.98588416230217,492.6785769682666,154.69269280596444,False,True,0.19459996838122606,0.9207898381307407,0.8759663486596522,150.6785769682666,21.33553886943122,10.667769434715638
42,single,"[[103, 176, 44]]",1.0,2060,235,Established CI #2,344.0,518.0,174.0,False,True,2.6853999588638544,1.0357142857142858,0.9431818181818182,166.0,10.0,5.0
43,single,"[[100, 131, 69]]",1.0,1000,162,Simulation (reference),176.0,211.0,35.0,False,True,246.62800005171448,1.0,1.0,35.0,0.0,0.0
43,single,"[[100, 131, 69]]",1.0,1000,162,ehp CI,175.0,210.0,35.0,False,True,0.47470000572502613,1.0,0.9444444444444444,34.0,2.0,1.0
43,single,"[[100, 131, 69]]",1.0,1000,162,Established CI #1,173.36148722379554,207.04719112876322,33.68570390496768,False,True,0.18079997971653938,0.9624486829990766,0.8248782653386783,31.047191128763217,6.591321647441248,3.295660823720624
43,single,"[[100, 131, 69]]",1.0,1000,162,Established CI #2,175.0,212.0,37.0,False,True,2.19590007327497,1.0571428571428572,0.9459459459459459,35.0,2.0,0.0
44,single,"[[110, 68, 62]]",1.0,1000,116,Simulation (reference),116.0,128.0,12.0,False,True,257.0302999811247,1.0,1.0,12.0,0.0,0.0
44,single,"[[110, 68, 62]]",1.0,1000,116,ehp CI,116.0,128.0,12.0,False,True,0.5959999980404973,1.0,1.0,12.0,0.0,0.0
44,single,"[[110, 68, 62]]",1.0,1000,116,Established CI #1,116.0,126.4876331707971,10.487633170797096,False,True,0.1938000787049532,0.873969430899758,0.873969430899758,10.487633170797096,1.5123668292029038,0.7561834146014519
44,single,"[[110, 68, 62]]",1.0,1000,116,Established CI #2,116.0,130.0,14.0,False,True,1.3806000351905823,1.1666666666666667,0.8571428571428571,12.0,2.0,1.0
45,single,"[[140, 153, 25]]",1.0,4284,268,Simulation (reference),613.0,1233.0,620.0,False,True,1539.24630000256,1.0,1.0,620.0,0.0,0.0
45,single,"[[140, 153, 25]]",1.0,4284,268,ehp CI,631.0,1248.0,617.0,False,True,2.0929999882355332,0.9951612903225806,0.9480314960629921,602.0,33.0,16.5
45,single,"[[140, 153, 25]]",1.0,4284,268,Established CI #1,611.2354260777602,1138.370927742553,527.1355016647929,False,True,0.201700022444129,0.8502185510722465,0.8449676127869226,525.370927742553,96.39364617968681,48.196823089843406
45,single,"[[140, 153, 25]]",1.0,4284,268,Established CI #2,628.0,1253.0,625.0,False,True,4.730400047264993,1.0080645161290323,0.9453125,605.0,35.0,17.5
46,single,"[[45, 192, 42]]",1.0,1029,195,Simulation (reference),196.0,228.0,32.0,False,True,285.0853999843821,1.0,1.0,32.0,0.0,0.0
46,single,"[[45, 192, 42]]",1.0,1029,195,ehp CI,196.0,227.0,31.0,False,True,0.6124000065028667,0.96875,0.96875,31.0,1.0,0.5
46,single,"[[45, 192, 42]]",1.0,1029,195,Established CI #1,195.0,219.66920988850626,24.66920988850626,False,True,0.2082999562844634,0.7709128090158206,0.7172487845001897,23.66920988850626,9.33079011149374,4.66539505574687
46,single,"[[45, 192, 42]]",1.0,1029,195,Established CI #2,196.0,231.0,35.0,False,True,2.787300036288798,1.09375,0.9142857142857143,32.0,3.0,1.5
47,single,"[[176, 197, 160]]",1.0,1084,213,Simulation (reference),213.0,222.0,9.0,False,True,281.92540002055466,1.0,1.0,9.0,0.0,0.0
47,single,"[[176, 197, 160]]",1.0,1084,213,ehp CI,213.0,221.0,8.0,False,True,0.7291999645531178,0.8888888888888888,0.8888888888888888,8.0,1.0,0.5
47,single,"[[176, 197, 160]]",1.0,1084,213,Established CI #1,213.0,221.07768181862343,8.077681818623432,False,True,0.3076000139117241,0.8975202020692703,0.8975202020692703,8.077681818623432,0.9223181813765677,0.46115909068828387
47,single,"[[176, 197, 160]]",1.0,1084,213,Established CI #2,213.0,222.0,9.0,False,True,1.6117000486701727,1.0,1.0,9.0,0.0,0.0
48,single,"[[86, 124, 76]]",1.0,1000,134,Simulation (reference),135.0,148.0,13.0,False,True,247.97260004561394,1.0,1.0,13.0,0.0,0.0
48,single,"[[86, 124, 76]]",1.0,1000,134,ehp CI,135.0,148.0,13.0,False,True,0.5368000129237771,1.0,1.0,13.0,0.0,0.0
48,single,"[[86, 124, 76]]",1.0,1000,134,Established CI #1,134.0,146.97565554431597,12.97565554431597,False,True,0.19019993487745523,0.9981273495627669,0.8554039674511407,11.97565554431597,2.02434445568403,1.0121722278420293
48,single,"[[86, 124, 76]]",1.0,1000,134,Established CI #2,135.0,150.0,15.0,False,True,2.403099904768169,1.1538461538461537,0.8666666666666667,13.0,2.0,1.0
49,single,"[[97, 95, 94]]",1.0,1000,98,Simulation (reference),98.0,99.0,1.0,False,True,254.27599996328354,1.0,1.0,1.0,0.0,0.0
49,single,"[[97, 95, 94]]",1.0,1000,98,ehp CI,98.0,99.0,1.0,False,True,0.5184999899938703,1.0,1.0,1.0,0.0,0.0
49,single,"[[97, 95, 94]]",1.0,1000,98,Established CI #1,98.0,98.38596936641473,0.38596936641472723,False,True,0.1879000337794423,0.38596936641472723,0.38596936641472723,0.38596936641472723,0.6140306335852728,0.3070153167926435
49,single,"[[97, 95, 94]]",1.0,1000,98,Established CI #2,98.0,99.0,1.0,False,True,1.2410000199452043,1.0,1.0,1.0,0.0,0.0
50,single,"[[81, 176, 23]]",1.0,3100,234,Simulation (reference),456.0,899.0,443.0,False,True,1072.727500111796,1.0,1.0,443.0,0.0,0.0
50,single,"[[81, 176, 23]]",1.0,3100,234,ehp CI,460.0,907.0,447.0,False,True,1.8296999623999,1.0090293453724606,0.9733924611973392,439.0,12.0,6.0
50,single,"[[81, 176, 23]]",1.0,3100,234,Established CI #1,444.14132742744954,820.7163801021047,376.5750526746552,False,True,0.22309995256364346,0.8500565523129914,0.801823515949192,364.7163801021047,90.14229247044574,45.07114623522284
50,single,"[[81, 176, 23]]",1.0,3100,234,Established CI #2,457.0,911.0,454.0,False,True,3.110600053332746,1.0248306997742664,0.9714285714285714,442.0,13.0,6.5
51,single,"[[193, 122, 61]]",1.0,1930,254,Simulation (reference),337.0,453.0,116.0,False,True,549.639799981378,1.0,1.0,116.0,0.0,0.0
51,single,"[[193, 122, 61]]",1.0,1930,254,ehp CI,337.0,455.0,118.0,False,True,1.1830999283120036,1.0172413793103448,0.9830508474576272,116.0,2.0,1.0
51,single,"[[193, 122, 61]]",1.0,1930,254,Established CI #1,332.450447793822,443.2447628000111,110.7943150061891,False,True,0.26489992160350084,0.9551234052257681,0.8813368515736897,106.24476280001107,14.304789406166947,7.152394703083473
51,single,"[[193, 122, 61]]",1.0,1930,254,Established CI #2,337.0,458.0,121.0,False,True,2.913100062869489,1.043103448275862,0.9586776859504132,116.0,5.0,2.5
52,single,"[[172, 107, 92]]",1.0,1001,187,Simulation (reference),191.0,212.0,21.0,False,True,256.2131000449881,1.0,1.0,21.0,0.0,0.0
52,single,"[[172, 107, 92]]",1.0,1001,187,ehp CI,192.0,213.0,21.0,False,True,0.556000042706728,1.0,0.9090909090909091,20.0,2.0,1.0
52,single,"[[172, 107, 92]]",1.0,1001,187,Established CI #1,189.87107071648302,210.46544656345102,20.594375846968006,False,True,0.20999996922910213,0.9806845641413336,0.8796379758848122,19.465446563451025,2.663482720065957,1.3317413600329928
52,single,"[[172, 107, 92]]",1.0,1001,187,Established CI #2,191.0,214.0,23.0,False,True,2.4663000367581844,1.0952380952380953,0.9130434782608695,21.0,2.0,1.0
53,single,"[[182, 90, 46]]",1.0,1781,226,Simulation (reference),301.0,433.0,132.0,False,True,555.3205000469461,1.0,1.0,132.0,0.0,0.0
53,single,"[[182, 90, 46]]",1.0,1781,226,ehp CI,304.0,435.0,131.0,False,True,1.233199960552156,0.9924242424242424,0.9626865671641791,129.0,5.0,2.5
53,single,"[[182, 90, 46]]",1.0,1781,226,Established CI #1,298.06478239781495,418.81640628837596,120.751623890561,False,True,0.30990003142505884,0.914785029473947,0.873133110702955,117.81640628837596,17.11881131380909,8.559405656904573
53,single,"[[182, 90, 46]]",1.0,1781,226,Established CI #2,303.0,439.0,136.0,False,True,16.70500007458031,1.0303030303030303,0.9420289855072463,130.0,8.0,4.0
54,single,"[[169, 146, 131]]",1.0,1000,184,Simulation (reference),185.0,195.0,10.0,False,True,278.6179999820888,1.0,1.0,10.0,0.0,0.0
54,single,"[[169, 146, 131]]",1.0,1000,184,ehp CI,184.0,194.0,10.0,False,True,0.5030001047998667,1.0,0.8181818181818182,9.0,2.0,1.0
54,single,"[[169, 146, 131]]",1.0,1000,184,Established CI #1,184.0,193.2406631392138,9.240663139213808,False,True,0.18350000027567148,0.9240663139213808,0.7491511944739826,8.240663139213808,2.759336860786192,1.3796684303931102
54,single,"[[169, 146, 131]]",1.0,1000,184,Established CI #2,184.0,195.0,11.0,False,True,1.2904000468552113,1.1,0.9090909090909091,10.0,1.0,0.5
55,single,"[[136, 177, 39]]",1.0,3087,274,Simulation (reference),494.0,800.0,306.0,False,True,986.6959999781102,1.0,1.0,306.0,0.0,0.0
55,single,"[[136, 177, 39]]",1.0,3087,274,ehp CI,496.0,804.0,308.0,False,True,1.4867999125272036,1.0065359477124183,0.9806451612903225,304.0,6.0,3.0
55,single,"[[136, 177, 39]]",1.0,3087,274,Established CI #1,484.97016592248326,763.8713647371306,278.9011988146474,False,True,0.19540009088814259,0.9114418261916581,0.8566533564269525,269.87136473713065,45.15846934038609,22.579234670193046
55,single,"[[136, 177, 39]]",1.0,3087,274,Established CI #2,494.0,809.0,315.0,False,True,4.162400029599667,1.0294117647058822,0.9714285714285714,306.0,9.0,4.5
56,single,"[[173, 77, 68]]",1.0,1000,182,Simulation (reference),187.0,212.0,25.0,False,True,262.7945999847725,1.0,1.0,25.0,0.0,0.0
56,single,"[[173, 77, 68]]",1.0,1000,182,ehp CI,186.0,212.0,26.0,False,True,1.2315999483689666,1.04,0.9615384615384616,25.0,1.0,0.5
56,single,"[[173, 77, 68]]",1.0,1000,182,Established CI #1,183.90694612026905,208.24003164474448,24.333085524475422,False,True,0.24229998234659433,0.9733234209790169,0.7560599049030087,21.240031644744477,6.853022234986469,3.4265111174932485
56,single,"[[173, 77, 68]]",1.0,1000,182,Established CI #2,186.0,214.0,28.0,False,True,3.0466000316664577,1.12,0.8928571428571429,25.0,3.0,0.5
57,single,"[[117, 69, 36]]",1.0,1122,150,Simulation (reference),190.0,280.0,90.0,False,True,280.39739991072565,1.0,1.0,90.0,0.0,0.0
57,single,"[[117, 69, 36]]",1.0,1122,150,ehp CI,190.0,280.0,90.0,False,True,0.7070999126881361,1.0,1.0,90.0,0.0,0.0
57,single,"[[117, 69, 36]]",1.0,1122,150,Established CI #1,185.32090887045936,266.52178358244936,81.20087471199,False,True,0.2609000075608492,0.9022319412443333,0.8082226251807982,76.52178358244936,18.15730754709128,9.078653773545625
57,single,"[[117, 69, 36]]",1.0,1122,150,Established CI #2,189.0,283.0,94.0,False,True,3.229500027373433,1.0444444444444445,0.9574468085106383,90.0,4.0,1.0
58,single,"[[103, 163, 97]]",1.0,1000,169,Simulation (reference),169.0,180.0,11.0,False,True,254.26809990312904,1.0,1.0,11.0,0.0,0.0
58,single,"[[103, 163, 97]]",1.0,1000,169,ehp CI,169.0,180.0,11.0,False,True,0.4496000474318862,1.0,1.0,11.0,0.0,0.0
58,single,"[[103, 163, 97]]",1.0,1000,169,Established CI #1,169.0,178.34431486106394,9.344314861063935,False,True,0.1724000321701169,0.8494831691876304,0.8494831691876304,9.344314861063935,1.6556851389360645,0.8278425694680323
58,single,"[[103, 163, 97]]",1.0,1000,169,Established CI #2,169.0,181.0,12.0,False,True,1.2067999923601747,1.0909090909090908,0.9166666666666666,11.0,1.0,0.5
59,single,"[[119, 155, 103]]",1.0,1000,171,Simulation (reference),173.0,188.0,15.0,False,True,245.80699997022748,1.0,1.0,15.0,0.0,0.0
59,single,"[[119, 155, 103]]",1.0,1000,171,ehp CI,173.0,188.0,15.0,False,True,0.4968000575900078,1.0,1.0,15.0,0.0,0.0
59,single,"[[119, 155, 103]]",1.0,1000,171,Established CI #1,171.8868935770176,186.40746442743375,14.520570850416163,False,True,0.18970004748553038,0.9680380566944109,0.8320843961106373,13.407464427433752,2.7056419955486604,1.3528209977743302
59,single,"[[119, 155, 103]]",1.0,1000,171,Established CI #2,173.0,189.0,16.0,False,True,2.419699914753437,1.0666666666666667,0.9375,15.0,1.0,0.5
60,single,"[[198, 92, 22]]",1.0,4140,268,Simulation (reference),596.0,1234.0,638.0,False,True,1336.4732000045478,1.0,1.0,638.0,0.0,0.0
60,single,"[[198, 92, 22]]",1.0,4140,268,ehp CI,600.0,1241.0,641.0,False,True,2.051900024525821,1.0047021943573669,0.9829457364341085,634.0,11.0,5.5
60,single,"[[198, 92, 22]]",1.0,4140,268,Established CI #1,579.599929716126,1114.31486361892,534.7149339027941,False,True,0.20039989612996578,0.8381111816658214,0.7920458556706432,518.3148636189201,136.08520666495394,68.04260333247703
60,single,"[[198, 92, 22]]",1.0,4140,268,Established CI #2,598.0,1244.0,646.0,False,True,4.057299927808344,1.0125391849529781,0.9814814814814815,636.0,12.0,6.0
61,single,"[[32, 138, 26]]",1.0,1000,144,Simulation (reference),151.0,209.0,58.0,False,True,276.8595999805257,1.0,1.0,58.0,0.0,0.0
61,single,"[[32, 138, 26]]",1.0,1000,144,ehp CI,151.0,208.0,57.0,False,True,0.502800103276968,0.9827586206896551,0.9827586206896551,57.0,1.0,0.5
61,single,"[[32, 138, 26]]",1.0,1000,144,Established CI #1,146.44207623441818,194.77637523019226,48.33429899577408,False,True,0.18119998276233673,0.83334998268576,0.6997734674544488,43.77637523019226,18.78154853538956,9.39077426769478
61,single,"[[32, 138, 26]]",1.0,1000,144,Established CI #2,151.0,212.0,61.0,False,True,4.218899994157255,1.0517241379310345,0.9508196721311475,58.0,3.0,1.5
62,single,"[[106, 57, 8]]",1.0,3777,155,Simulation (reference),409.0,1741.0,1332.0,False,True,1156.362900044769,1.0,1.0,1332.0,0.0,0.0
62,single,"[[106, 57, 8]]",1.0,3777,155,ehp CI,418.0,1747.0,1329.0,False,True,2.4833999341353774,0.9977477477477478,0.9887892376681614,1323.0,15.0,7.5
62,single,"[[106, 57, 8]]",1.0,3777,155,Established CI #1,398.85878281273057,1188.663189871439,789.8044070587084,False,True,0.3231000155210495,0.5929462515455769,0.5809099518643666,779.663189871439,562.4780273158303,281.23901365791517
62,single,"[[106, 57, 8]]",1.0,3777,155,Established CI #2,424.0,1665.0,1241.0,False,True,3.958199988119304,0.9316816816816816,0.9316816816816816,1241.0,91.0,30.5
63,single,"[[196, 191, 112]]",1.0,1672,275,Simulation (reference),311.0,364.0,53.0,False,True,532.5749999610707,1.0,1.0,53.0,0.0,0.0
63,single,"[[196, 191, 112]]",1.0,1672,275,ehp CI,311.0,364.0,53.0,False,True,0.8752000285312533,1.0,1.0,53.0,0.0,0.0
63,single,"[[196, 191, 112]]",1.0,1672,275,Established CI #1,308.95626548305256,360.48085462548215,51.52458914242959,False,True,0.24789990857243538,0.9721620592911243,0.8989370917456095,49.48085462548215,5.562879891465286,2.781439945732643
63,single,"[[196, 191, 112]]",1.0,1672,275,Established CI #2,311.0,366.0,55.0,False,True,6.178399897180498,1.0377358490566038,0.9636363636363636,53.0,2.0,1.0
64,single,"[[153, 187, 48]]",1.0,2981,292,Simulation (reference),494.0,748.0,254.0,False,True,1053.1422999920323,1.0,1.0,254.0,0.0,0.0
64,single,"[[153, 187, 48]]",1.0,2981,292,ehp CI,494.0,748.0,254.0,False,True,1.762300031259656,1.0,1.0,254.0,0.0,0.0
64,single,"[[153, 187, 48]]",1.0,2981,292,Established CI #1,484.3202648069403,718.3912676424643,234.07100283552398,False,True,0.20999996922910213,0.9215393812422205,0.8509992907804259,224.3912676424643,39.288467550595385,19.64423377529772
64,single,"[[153, 187, 48]]",1.0,2981,292,Established CI #2,492.0,752.0,260.0,False,True,3.0224000802263618,1.0236220472440944,0.9769230769230769,254.0,6.0,1.0
65,single,"[[191, 151, 44]]",1.0,3278,298,Simulation (reference),535.0,836.0,301.0,False,True,1146.784400101751,1.0,1.0,301.0,0.0,0.0
65,single,"[[191, 151, 44]]",1.0,3278,298,ehp CI,535.0,838.0,303.0,False,True,1.588699989952147,1.0066445182724253,0.9933993399339934,301.0,2.0,1.0
65,single,"[[191, 151, 44]]",1.0,3278,298,Established CI #1,523.5803721445009,800.8310473144645,277.25067516996364,False,True,0.1970999874174595,0.9210985886045304,0.8508781895016441,265.8310473144645,46.58858054103462,23.29429027051731
65,single,"[[191, 151, 44]]",1.0,3278,298,Established CI #2,533.0,842.0,309.0,False,True,3.81380005273968,1.026578073089701,0.9741100323624595,301.0,8.0,2.0
66,single,"[[96, 138, 83]]",1.0,1000,151,Simulation (reference),153.0,169.0,16.0,False,True,267.7000999683514,1.0,1.0,16.0,0.0,0.0
66,single,"[[96, 138, 83]]",1.0,1000,151,ehp CI,153.0,169.0,16.0,False,True,0.8062999695539474,1.0,1.0,16.0,0.0,0.0
66,single,"[[96, 138, 83]]",1.0,1000,151,Established CI #1,151.8444287941125,167.5665545508478,15.722125756735295,False,True,0.33119996078312397,0.9826328597959559,0.8490859544128035,14.566554550847798,2.5890166550397,1.29450832751985
66,single,"[[96, 138, 83]]",1.0,1000,151,Established CI #2,153.0,171.0,18.0,False,True,3.4619999350979924,1.125,0.8888888888888888,16.0,2.0,1.0
67,single,"[[161, 159, 44]]",1.0,2909,276,Simulation (reference),471.0,736.0,265.0,False,True,1026.6739999642596,1.0,1.0,265.0,0.0,0.0
67,single,"[[161, 159, 44]]",1.0,2909,276,ehp CI,477.0,741.0,264.0,False,True,2.3894000332802534,0.9962264150943396,0.9592592592592593,259.0,11.0,5.5
67,single,"[[161, 159, 44]]",1.0,2909,276,Established CI #1,466.7537448343831,708.349967534411,241.5962227000279,False,True,0.4002000205218792,0.9116838592453883,0.8815348885295133,237.349967534411,31.896287631205894,15.948143815602975
67,single,"[[161, 159, 44]]",1.0,2909,276,Established CI #2,475.0,745.0,270.0,False,True,4.288000054657459,1.0188679245283019,0.9525547445255474,261.0,13.0,6.5
68,single,"[[189, 81, 43]]",1.0,1781,227,Simulation (reference),302.0,437.0,135.0,False,True,547.5786000024527,1.0,1.0,135.0,0.0,0.0
68,single,"[[189, 81, 43]]",1.0,1781,227,ehp CI,303.0,439.0,136.0,False,True,0.9222999215126038,1.0074074074074073,0.9781021897810219,134.0,3.0,1.5
68,single,"[[189, 81, 43]]",1.0,1781,227,Established CI #1,296.45042692539164,420.55324856732756,124.10282164193592,False,True,0.21349999587982893,0.9192801603106364,0.8434977493983249,118.55324856732756,21.996324507280804,10.99816225364043
68,single,"[[189, 81, 43]]",1.0,1781,227,Established CI #2,302.0,442.0,140.0,False,True,2.5909000542014837,1.037037037037037,0.9642857142857143,135.0,5.0,2.5
69,single,"[[93, 78, 22]]",1.0,1649,149,Simulation (reference),245.0,473.0,228.0,False,True,447.1596000948921,1.0,1.0,228.0,0.0,0.0
69,single,"[[93, 78, 22]]",1.0,1649,149,ehp CI,248.0,477.0,229.0,False,True,1.1003999970853329,1.0043859649122806,0.9698275862068966,225.0,7.0,3.5
69,single,"[[93, 78, 22]]",1.0,1649,149,Established CI #1,239.9649213330713,431.7298396686727,191.7649183356014,False,True,0.2663999330252409,0.841074203226322,0.8012949841579904,186.7298396686727,46.305238998256016,23.152619499128036
69,single,"[[93, 78, 22]]",1.0,1649,149,Established CI #2,247.0,481.0,234.0,False,True,2.886500093154609,1.0263157894736843,0.9576271186440678,226.0,10.0,5.0
70,single,"[[179, 169, 138]]",1.0,1097,210,Simulation (reference),213.0,228.0,15.0,False,True,280.5714000714943,1.0,1.0,15.0,0.0,0.0
70,single,"[[179, 169, 138]]",1.0,1097,210,ehp CI,213.0,228.0,15.0,False,True,0.5444000707939267,1.0,1.0,15.0,0.0,0.0
70,single,"[[179, 169, 138]]",1.0,1097,210,Established CI #1,211.83654451795755,226.7032933098328,14.866748791875239,False,True,0.18129998352378607,0.9911165861250159,0.8477947877579212,13.703293309832787,2.460162172209664,1.230081086104832
70,single,"[[179, 169, 138]]",1.0,1097,210,Established CI #2,213.0,229.0,16.0,False,True,2.4485000176355243,1.0666666666666667,0.9375,15.0,1.0,0.5
71,single,"[[97, 75, 37]]",1.0,1000,135,Simulation (reference),168.0,244.0,76.0,False,True,254.72939992323518,1.0,1.0,76.0,0.0,0.0
71,single,"[[97, 75, 37]]",1.0,1000,135,ehp CI,167.0,243.0,76.0,False,True,0.5403999239206314,1.0,0.974025974025974,75.0,2.0,1.0
71,single,"[[97, 75, 37]]",1.0,1000,135,Established CI #1,163.77010269820684,232.1852363375012,68.41513363929437,False,True,0.1841000048443675,0.9001991268328207,0.8000164339742543,64.18523633750121,16.04466096429195,8.022330482145975
71,single,"[[97, 75, 37]]",1.0,1000,135,Established CI #2,167.0,246.0,79.0,False,True,3.7866999628022313,1.0394736842105263,0.9620253164556962,76.0,3.0,0.5
72,single,"[[92, 193, 65]]",1.0,1366,220,Simulation (reference),247.0,309.0,62.0,False,True,369.4056000094861,1.0,1.0,62.0,0.0,0.0
72,single,"[[92, 193, 65]]",1.0,1366,220,ehp CI,248.0,309.0,61.0,False,True,0.6525999633595347,0.9838709677419355,0.9838709677419355,61.0,1.0,0.5
72,single,"[[92, 193, 65]]",1.0,1366,220,Established CI #1,245.1707143403924,302.57264050807356,57.401926167681154,False,True,0.1906000543385744,0.925837518833567,0.8706448761534707,55.57264050807356,8.25664515153403,4.128322575767015
72,single,"[[92, 193, 65]]",1.0,1366,220,Established CI #2,248.0,312.0,64.0,False,True,2.563500078395009,1.032258064516129,0.9384615384615385,61.0,4.0,2.0
73,single,"[[103, 78, 47]]",1.0,1000,134,Simulation (reference),153.0,200.0,47.0,False,True,247.4501000251621,1.0,1.0,47.0,0.0,0.0
73,single,"[[103, 78, 47]]",1.0,1000,134,ehp CI,152.0,200.0,48.0,False,True,0.534699996933341,1.0212765957446808,0.9791666666666666,47.0,1.0,0.5
73,single,"[[103, 78, 47]]",1.0,1000,134,Established CI #1,149.5031133476709,193.68623031351444,44.18311696584354,False,True,0.19049993716180325,0.9400663184222029,0.8057175998520267,40.68623031351444,9.810656338814653,4.905328169407312
73,single,"[[103, 78, 47]]",1.0,1000,134,Established CI #2,152.0,202.0,50.0,False,True,2.421499928459525,1.0638297872340425,0.94,47.0,3.0,0.5
74,single,"[[197, 110, 84]]",1.0,1290,223,Simulation (reference),241.0,283.0,42.0,False,True,342.52049995120615,1.0,1.0,42.0,0.0,0.0
74,single,"[[197, 110, 84]]",1.0,1290,223,ehp CI,241.0,283.0,42.0,False,True,0.7514000171795487,1.0,1.0,42.0,0.0,0.0
74,single,"[[197, 110, 84]]",1.0,1290,223,Established CI #1,238.33981298617564,278.34031119303955,40.00049820686391,False,True,0.21299999207258224,0.9523928144491407,0.8360984064281018,37.340311193039554,7.319875820784802,3.6599379103923866
74,single,"[[197, 110, 84]]",1.0,1290,223,Established CI #2,240.0,284.0,44.0,False,True,3.299900097772479,1.0476190476190477,0.9545454545454546,42.0,2.0,0.0
75,single,"[[160, 140, 63]]",1.0,1778,237,Simulation (reference),311.0,415.0,104.0,False,True,500.5481999833137,1.0,1.0,104.0,0.0,0.0
75,single,"[[160, 140, 63]]",1.0,1778,237,ehp CI,312.0,417.0,105.0,False,True,0.7792999967932701,1.0096153846153846,0.9716981132075472,103.0,3.0,1.5
75,single,"[[160, 140, 63]]",1.0,1778,237,Established CI #1,307.54443762256443,406.7896711183654,99.24523349580096,False,True,0.17849996220320463,0.9542810913057784,0.8914352035300512,95.78967111836539,11.665891259070179,5.832945629535061
75,single,"[[160, 140, 63]]",1.0,1778,237,Established CI #2,311.0,420.0,109.0,False,True,2.492200001142919,1.0480769230769231,0.9541284403669725,104.0,5.0,2.5
76,single,"[[108, 142, 99]]",1.0,1000,151,Simulation (reference),151.0,160.0,9.0,False,True,243.1451000738889,1.0,1.0,9.0,0.0,0.0
76,single,"[[108, 142, 99]]",1.0,1000,151,ehp CI,151.0,161.0,10.0,False,True,0.5552000366151333,1.1111111111111112,0.9,9.0,1.0,0.5
76,single,"[[108, 142, 99]]",1.0,1000,151,Established CI #1,151.0,159.73471577438605,8.734715774386046,False,True,0.19759999122470617,0.9705239749317829,0.9705239749317829,8.734715774386046,0.2652842256139536,0.132642112806991
76,single,"[[108, 142, 99]]",1.0,1000,151,Established CI #2,151.0,162.0,11.0,False,True,1.7428999999538064,1.2222222222222223,0.8181818181818182,9.0,2.0,1.0
77,single,"[[96, 36, 5]]",1.0,3456,127,Simulation (reference),316.0,2194.0,1878.0,False,True,1100.3332999534905,1.0,1.0,1878.0,0.0,0.0
77,single,"[[96, 36, 5]]",1.0,3456,127,ehp CI,329.0,2198.0,1869.0,False,True,2.343400032259524,0.9952076677316294,0.9909670563230606,1865.0,17.0,8.5
77,single,"[[96, 36, 5]]",1.0,3456,127,Established CI #1,309.3042938746385,1152.9359108163933,843.6316169417548,False,True,0.19170006271451712,0.4492181133875159,0.44406951641917947,836.9359108163933,1047.7597953089683,523.8798976544841
77,single,"[[96, 36, 5]]",1.0,3456,127,Established CI #2,335.0,2031.0,1696.0,False,True,3.0082999728620052,0.9030883919062833,0.9030883919062833,1696.0,182.0,72.0
78,single,"[[98, 75, 34]]",1.0,1081,139,Simulation (reference),181.0,275.0,94.0,False,True,274.918100098148,1.0,1.0,94.0,0.0,0.0
78,single,"[[98, 75, 34]]",1.0,1081,139,ehp CI,181.0,274.0,93.0,False,True,0.687299994751811,0.9893617021276596,0.9893617021276596,93.0,1.0,0.5
78,single,"[[98, 75, 34]]",1.0,1081,139,Established CI #1,176.27250027796913,259.732925854573,83.46042557660388,False,True,0.2639999147504568,0.8878768678362116,0.7974771575928393,78.73292585457301,19.99457386745786,9.99728693372893
78,single,"[[98, 75, 34]]",1.0,1081,139,Established CI #2,180.0,277.0,97.0,False,True,3.6046999739483,1.0319148936170213,0.9690721649484536,94.0,3.0,0.5
79,single,"[[147, 100, 26]]",1.0,2827,221,Simulation (reference),424.0,803.0,379.0,False,True,860.5243000201881,1.0,1.0,379.0,0.0,0.0
79,single,"[[147, 100, 26]]",1.0,2827,221,ehp CI,428.0,802.0,374.0,False,True,2.1349999587982893,0.9868073878627969,0.9868073878627969,374.0,5.0,1.5
79,single,"[[147, 100, 26]]",1.0,2827,221,Established CI #1,414.6756960122679,736.4779524854204,321.80225647315245,False,True,0.21929992362856865,0.8490824709054154,0.8046829654403813,312.47795248542036,75.84635150231173,37.923175751155895
79,single,"[[147, 100, 26]]",1.0,2827,221,Established CI #2,426.0,806.0,380.0,False,True,3.5972000332549214,1.0026385224274406,0.9869109947643979,377.0,5.0,2.5
80,single,"[[198, 156, 101]]",1.0,1530,253,Simulation (reference),286.0,335.0,49.0,False,True,426.96009995415807,1.0,1.0,49.0,0.0,0.0
80,single,"[[198, 156, 101]]",1.0,1530,253,ehp CI,284.0,334.0,50.0,False,True,0.7597999647259712,1.0204081632653061,0.9411764705882353,48.0,3.0,1.5
80,single,"[[198, 156, 101]]",1.0,1530,253,Established CI #1,281.81283688449787,330.75315360238653,48.94031671788866,False,True,0.2036000369116664,0.9987819738344625,0.8414277239265392,44.75315360238653,8.434009513115598,4.217004756557799
80,single,"[[198, 156, 101]]",1.0,1530,253,Established CI #2,284.0,336.0,52.0,False,True,2.7909999480471015,1.0612244897959184,0.9423076923076923,49.0,3.0,0.5
81,single,"[[97, 71, 15]]",1.0,2296,153,Simulation (reference),308.0,762.0,454.0,False,True,648.4670001082122,1.0,1.0,454.0,0.0,0.0
81,single,"[[97, 71, 15]]",1.0,2296,153,ehp CI,313.0,766.0,453.0,False,True,1.2042999733239412,0.9977973568281938,0.980349344978166,449.0,9.0,4.5
81,single,"[[97, 71, 15]]",1.0,2296,153,Established CI #1,299.5918089110968,646.2125940747945,346.62078516369775,False,True,0.1916999462991953,0.7634819056469113,0.7314156638928772,338.21259407479454,124.19559701410867,62.097798507054335
81,single,"[[97, 71, 15]]",1.0,2296,153,Established CI #2,312.0,763.0,451.0,False,True,2.6415999745950103,0.9933920704845814,0.989010989010989,450.0,5.0,2.5
82,single,"[[94, 145, 55]]",1.0,1240,184,Simulation (reference),221.0,290.0,69.0,False,True,333.3339999662712,1.0,1.0,69.0,0.0,0.0
82,single,"[[94, 145, 55]]",1.0,1240,184,ehp CI,220.0,289.0,69.0,False,True,0.5950001068413258,1.0,0.9714285714285714,68.0,2.0,1.0
82,single,"[[94, 145, 55]]",1.0,1240,184,Established CI #1,216.3639436300502,281.2405643062492,64.87662067619902,False,True,0.18279999494552612,0.9402408793652033,0.8180851511601702,60.24056430624921,13.395492063700601,6.697746031850301
82,single,"[[94, 145, 55]]",1.0,1240,184,Established CI #2,219.0,291.0,72.0,False,True,2.732100081630051,1.0434782608695652,0.9583333333333334,69.0,3.0,0.5
83,single,"[[137, 95, 45]]",1.0,1447,187,Simulation (reference),246.0,352.0,106.0,False,True,383.7628999026492,1.0,1.0,106.0,0.0,0.0
83,single,"[[137, 95, 45]]",1.0,1447,187,ehp CI,247.0,353.0,106.0,False,True,0.7119999499991536,1.0,0.9813084112149533,105.0,2.0,1.0
83,single,"[[137, 95, 45]]",1.0,1447,187,Established CI #1,242.36209403289823,339.8592520364147,97.49715800351649,False,True,0.19120005890727043,0.9197845094671366,0.8560839538888891,93.85925203641472,15.778653930687057,7.889326965343514
83,single,"[[137, 95, 45]]",1.0,1447,187,Established CI #2,246.0,356.0,110.0,False,True,2.553700003772974,1.0377358490566038,0.9636363636363636,106.0,4.0,2.0
84,single,"[[139, 196, 59]]",1.0,2309,276,Simulation (reference),396.0,553.0,157.0,False,True,690.7678000861779,1.0,1.0,157.0,0.0,0.0
84,single,"[[139, 196, 59]]",1.0,2309,276,ehp CI,398.0,554.0,156.0,False,True,1.0053999722003937,0.9936305732484076,0.9810126582278481,155.0,3.0,1.5
84,single,"[[139, 196, 59]]",1.0,2309,276,Established CI #1,391.4212520893138,537.4647134977437,146.0434614084299,False,True,0.20100001711398363,0.9302131299899993,0.8755155942657712,141.46471349774367,20.114034412942544,10.0570172064713
84,single,"[[139, 196, 59]]",1.0,2309,276,Established CI #2,396.0,557.0,161.0,False,True,2.704499987885356,1.0254777070063694,0.9751552795031055,157.0,4.0,2.0
85,single,"[[149, 113, 81]]",1.0,1040,181,Simulation (reference),195.0,228.0,33.0,False,True,259.3091999879107,1.0,1.0,33.0,0.0,0.0
85,single,"[[149, 113, 81]]",1.0,1040,181,ehp CI,194.0,227.0,33.0,False,True,0.7523000240325928,1.0,0.9411764705882353,32.0,2.0,1.0
85,single,"[[149, 113, 81]]",1.0,1040,181,Established CI #1,192.13429167191822,224.1735917650012,32.03930009308297,False,True,0.19200006499886513,0.9708878816085749,0.8134118389112962,29.17359176500119,6.692116563080589,3.3460582815403086
85,single,"[[149, 113, 81]]",1.0,1040,181,Established CI #2,194.0,229.0,35.0,False,True,2.3716000141575933,1.0606060606060606,0.9428571428571428,33.0,2.0,0.0
86,single,"[[122, 157, 31]]",1.0,3090,248,Simulation (reference),479.0,845.0,366.0,False,True,930.8416000567377,1.0,1.0,366.0,0.0,0.0
86,single,"[[122, 157, 31]]",1.0,3090,248,ehp CI,479.0,844.0,365.0,False,True,1.7812000587582588,0.9972677595628415,0.9972677595628415,365.0,1.0,0.5
86,single,"[[122, 157, 31]]",1.0,3090,248,Established CI #1,466.33025767561327,788.3143793598073,321.984121684194,False,True,0.2269999822601676,0.8797380373885082,0.8168447192562687,309.3143793598073,69.35536296457946,34.6776814822897
86,single,"[[122, 157, 31]]",1.0,3090,248,Established CI #2,477.0,849.0,372.0,False,True,2.814000006765127,1.0163934426229508,0.9838709677419355,366.0,6.0,1.0
87,single,"[[114, 149, 80]]",1.0,1062,183,Simulation (reference),198.0,233.0,35.0,False,True,266.06350007932633,1.0,1.0,35.0,0.0,0.0
87,single,"[[114, 149, 80]]",1.0,1062,183,ehp CI,198.0,233.0,35.0,False,True,0.5223000189289451,1.0,1.0,35.0,0.0,0.0
87,single,"[[114, 149, 80]]",1.0,1062,183,Established CI #1,195.62805643593086,229.66183116353068,34.03377472759982,False,True,0.1781000755727291,0.9723935636457092,0.8472085779871403,31.661831163530678,5.710112400538463,2.855056200269246
87,single,"[[114, 149, 80]]",1.0,1062,183,Established CI #2,197.0,235.0,38.0,False,True,2.5083000073209405,1.0857142857142856,0.9210526315789473,35.0,3.0,0.5
88,single,"[[188, 140, 85]]",1.0,1549,243,Simulation (reference),282.0,345.0,63.0,False,True,414.15650001727045,1.0,1.0,63.0,0.0,0.0
88,single,"[[188, 140, 85]]",1.0,1549,243,ehp CI,283.0,346.0,63.0,False,True,0.726299942471087,1.0,0.96875,62.0,2.0,1.0
88,single,"[[188, 140, 85]]",1.0,1549,243,Established CI #1,280.26357496147824,340.40088820561004,60.1373132441318,False,True,0.18940004520118237,0.9545605276846318,0.9021333533765308,58.400888205610045,6.335536832911714,3.1677684164558286
88,single,"[[188, 140, 85]]",1.0,1549,243,Established CI #2,283.0,348.0,65.0,False,True,2.463200013153255,1.0317460317460319,0.9393939393939394,62.0,4.0,2.0
89,single,"[[135, 138, 26]]",1.0,3583,247,Simulation (reference),538.0,1028.0,490.0,False,True,1180.408600019291,1.0,1.0,490.0,0.0,0.0
89,single,"[[135, 138, 26]]",1.0,3583,247,ehp CI,535.0,1027.0,492.0,False,True,1.8485999898985028,1.0040816326530613,0.9918864097363083,489.0,4.0,2.0
89,single,"[[135, 138, 26]]",1.0,3583,247,Established CI #1,518.9362439405131,941.9425580052915,423.0063140647784,False,True,0.1821999903768301,0.8632781919689355,0.7935009184941633,403.9425580052915,105.12119805419536,52.56059902709762
89,single,"[[135, 138, 26]]",1.0,3583,247,Established CI #2,533.0,1032.0,499.0,False,True,2.838999964296818,1.0183673469387755,0.9819639278557114,490.0,9.0,0.5
90,single,"[[58, 101, 12]]",1.0,2441,147,Simulation (reference),310.0,891.0,581.0,False,True,707.0308000547811,1.0,1.0,581.0,0.0,0.0
90,single,"[[58, 101, 12]]",1.0,2441,147,ehp CI,314.0,893.0,579.0,False,True,1.3475000159814954,0.9965576592082617,0.9897084048027445,577.0,6.0,3.0
90,single,"[[58, 101, 12]]",1.0,2441,147,Established CI #1,299.5900830997109,712.2162615878946,412.62617848818365,False,True,0.19489997066557407,0.7101999629744985,0.6800972558864069,402.21626158789456,189.19365531239453,94.59682765619726
90,single,"[[58, 101, 12]]",1.0,2441,147,Established CI #2,314.0,882.0,568.0,False,True,2.6932000182569027,0.9776247848537005,0.9776247848537005,568.0,13.0,2.5
91,single,"[[52, 76, 35]]",1.0,1000,93,Simulation (reference),100.0,134.0,34.0,False,True,267.49829994514585,1.0,1.0,34.0,0.0,0.0
91,single,"[[52, 76, 35]]",1.0,1000,93,ehp CI,100.0,134.0,34.0,False,True,0.5327999824658036,1.0,1.0,34.0,0.0,0.0
91,single,"[[52, 76, 35]]",1.0,1000,93,Established CI #1,98.23580502515055,128.5174920375638,30.281687012413258,False,True,0.1990000018849969,0.8906378533062723,0.7973754772788328,28.517492037563812,7.246702937285633,3.6233514686428236
91,single,"[[52, 76, 35]]",1.0,1000,93,Established CI #2,100.0,136.0,36.0,False,True,2.419999917037785,1.0588235294117647,0.9444444444444444,34.0,2.0,1.0
92,single,"[[50, 99, 17]]",1.0,1456,132,Simulation (reference),210.0,449.0,239.0,False,True,398.90209992881864,1.0,1.0,239.0,0.0,0.0
92,single,"[[50, 99, 17]]",1.0,1456,132,ehp CI,212.0,451.0,239.0,False,True,0.74970000423491,1.0,0.983402489626556,237.0,4.0,2.0
92,single,"[[50, 99, 17]]",1.0,1456,132,Established CI #1,203.24234200771306,392.2022858213571,188.95994381364406,False,True,0.1805999781936407,0.7906273799734062,0.7413900641382069,182.20228582135712,63.555372170929815,31.777686085464893
92,single,"[[50, 99, 17]]",1.0,1456,132,Established CI #2,211.0,453.0,242.0,False,True,4.654099931940436,1.0125523012552302,0.9794238683127572,238.0,5.0,2.5
93,single,"[[173, 138, 52]]",1.0,2296,259,Simulation (reference),389.0,560.0,171.0,False,True,679.7143000876531,1.0,1.0,171.0,0.0,0.0
93,single,"[[173, 138, 52]]",1.0,2296,259,ehp CI,389.0,562.0,173.0,False,True,1.006699982099235,1.0116959064327486,0.9884393063583815,171.0,2.0,1.0
93,single,"[[173, 138, 52]]",1.0,2296,259,Established CI #1,382.1107528374192,542.6022963439841,160.49154350656488,False,True,0.1938999630510807,0.938547038050087,0.8634715070978981,153.6022963439841,24.286950818596665,12.143475409298333
93,single,"[[173, 138, 52]]",1.0,2296,259,Established CI #2,388.0,565.0,177.0,False,True,4.0972999995574355,1.0350877192982457,0.9661016949152542,171.0,6.0,2.0
94,single,"[[87, 171, 71]]",1.0,1048,187,Simulation (reference),196.0,229.0,33.0,False,True,270.0033999281004,1.0,1.0,33.0,0.0,0.0
94,single,"[[87, 171, 71]]",1.0,1048,187,ehp CI,196.0,229.0,33.0,False,True,0.5116999382153153,1.0,1.0,33.0,0.0,0.0
94,single,"[[87, 171, 71]]",1.0,1048,187,Established CI #1,194.11626023929674,225.50371729623595,31.387457056939212,False,True,0.1821999903768301,0.9511350623314913,0.8457727726048472,29.503717296235948,5.3800224644673165,2.690011232233644
94,single,"[[87, 171, 71]]",1.0,1048,187,Established CI #2,196.0,231.0,35.0,False,True,2.4503000313416123,1.0606060606060606,0.9428571428571428,33.0,2.0,1.0
95,single,"[[190, 114, 83]]",1.0,1305,221,Simulation (reference),242.0,287.0,45.0,False,True,349.2417000234127,1.0,1.0,45.0,0.0,0.0
95,single,"[[190, 114, 83]]",1.0,1305,221,ehp CI,242.0,287.0,45.0,False,True,0.5947999889031053,1.0,1.0,45.0,0.0,0.0
95,single,"[[190, 114, 83]]",1.0,1305,221,Established CI #1,239.7573850419767,283.01129389149406,43.25390884951736,False,True,0.1857000170275569,0.9611979744337191,0.8680995734028275,41.01129389149406,6.231321066529233,3.115660533264645
95,single,"[[190, 114, 83]]",1.0,1305,221,Established CI #2,242.0,289.0,47.0,False,True,2.4597999872639775,1.0444444444444445,0.9574468085106383,45.0,2.0,1.0
96,single,"[[182, 72, 64]]",1.0,1024,190,Simulation (reference),195.0,223.0,28.0,False,True,266.33109990507364,1.0,1.0,28.0,0.0,0.0
96,single,"[[182, 72, 64]]",1.0,1024,190,ehp CI,194.0,222.0,28.0,False,True,0.5027999868616462,1.0,0.9310344827586207,27.0,2.0,1.0
96,single,"[[182, 72, 64]]",1.0,1024,190,Established CI #1,191.7581979242771,218.13768301369237,26.379485089415255,False,True,0.1903000520542264,0.9421244674791163,0.7406001407221,23.137683013692367,8.10411906203052,4.05205953101526
96,single,"[[182, 72, 64]]",1.0,1024,190,Established CI #2,194.0,224.0,30.0,False,True,2.41650000680238,1.0714285714285714,0.9333333333333333,28.0,2.0,0.0
97,single,"[[177, 27, 26]]",1.0,1000,178,Simulation (reference),178.0,210.0,32.0,False,True,282.8904999187216,1.0,1.0,32.0,0.0,0.0
97,single,"[[177, 27, 26]]",1.0,1000,178,ehp CI,178.0,210.0,32.0,False,True,0.5789999850094318,1.0,1.0,32.0,0.0,0.0
97,single,"[[177, 27, 26]]",1.0,1000,178,Established CI #1,178.0,195.88777352979602,17.88777352979602,False,True,0.19890000112354755,0.5589929228061257,0.5589929228061257,17.88777352979602,14.112226470203979,7.056113235101975
97,single,"[[177, 27, 26]]",1.0,1000,178,Established CI #2,178.0,215.0,37.0,False,True,2.6792000280693173,1.15625,0.8648648648648649,32.0,5.0,2.5
98,single,"[[154, 95, 89]]",1.0,1000,160,Simulation (reference),160.0,171.0,11.0,False,True,308.1035999348387,1.0,1.0,11.0,0.0,0.0
98,single,"[[154, 95, 89]]",1.0,1000,160,ehp CI,160.0,171.0,11.0,False,True,0.5037999944761395,1.0,1.0,11.0,0.0,0.0
98,single,"[[154, 95, 89]]",1.0,1000,160,Established CI #1,160.0,169.92583070294123,9.925830702941226,False,True,0.1879000337794423,0.9023482457219297,0.9023482457219297,9.925830702941226,1.0741692970587735,0.537084648529401
98,single,"[[154, 95, 89]]",1.0,1000,160,Established CI #2,160.0,173.0,13.0,False,True,1.1751999845728278,1.1818181818181819,0.8461538461538461,11.0,2.0,1.0
99,single,"[[68, 132, 49]]",1.0,1000,151,Simulation (reference),165.0,210.0,45.0,False,True,245.56299997493625,1.0,1.0,45.0,0.0,0.0
99,single,"[[68, 132, 49]]",1.0,1000,151,ehp CI,166.0,211.0,45.0,False,True,0.49240002408623695,1.0,0.9565217391304348,44.0,2.0,1.0
99,single,"[[68, 132, 49]]",1.0,1000,151,Established CI #1,162.80869728770125,204.66260190706097,41.853904619359724,False,True,0.16729999333620071,0.930086769319105,0.840464230217665,39.662601907060974,7.528700805237776,3.764350402618902
99,single,"[[68, 132, 49]]",1.0,1000,151,Established CI #2,165.0,213.0,48.0,False,True,2.2459999890998006,1.0666666666666667,0.9375,45.0,3.0,1.5
100,multiple,"[[32, 28, 9], [49, 30, 8], [45, 27, 25], [43, 20, 10]]",1.0,1000,71,Simulation (reference),96.0,167.0,71.0,False,True,1221.5932999970391,1.0,1.0,71.0,0.0,0.0
100,multiple,"[[32, 28, 9], [49, 30, 8], [45, 27, 25], [43, 20, 10]]",1.0,1000,71,ehp CI,81.0,110.0,29.0,False,True,2.0973999053239822,0.4084507042253521,0.16279069767441862,14.0,72.0,36.0
100,multiple,"[[32, 28, 9], [49, 30, 8], [45, 27, 25], [43, 20, 10]]",1.0,1000,71,Established CI #1,71.0,114.35240571679573,43.35240571679573,True,True,0.5256000440567732,0.6105972636168413,0.19117089288328884,18.35240571679573,77.64759428320427,38.82379714160214
100,multiple,"[[32, 28, 9], [49, 30, 8], [45, 27, 25], [43, 20, 10]]",1.0,1000,71,Established CI #2,71.0,1000.0,929.0,True,True,0.22300006821751595,13.084507042253522,0.07642626480086114,71.0,858.0,404.0
101,multiple,"[[10, 21, 3], [12, 36, 8], [23, 9, 4], [24, 47, 10]]",1.0,1000,61,Simulation (reference),72.0,117.0,45.0,False,True,1375.0531999394298,1.0,1.0,45.0,0.0,0.0
101,multiple,"[[10, 21, 3], [12, 36, 8], [23, 9, 4], [24, 47, 10]]",1.0,1000,61,ehp CI,71.0,117.0,46.0,False,True,1.6583999386057258,1.0222222222222221,0.9782608695652174,45.0,1.0,0.5
101,multiple,"[[10, 21, 3], [12, 36, 8], [23, 9, 4], [24, 47, 10]]",1.0,1000,61,Established CI #1,61.0,122.19784149258436,61.19784149258436,True,True,0.4085999680683017,1.3599520331685413,0.7353200521860378,45.0,16.19784149258436,2.9010792537078203
101,multiple,"[[10, 21, 3], [12, 36, 8], [23, 9, 4], [24, 47, 10]]",1.0,1000,61,Established CI #2,61.0,1000.0,939.0,True,True,0.18630002159625292,20.866666666666667,0.04792332268370607,45.0,894.0,436.0
102,multiple,"[[42, 46, 20], [34, 41, 4]]",1.0,1743,71,Simulation (reference),73.0,183.0,110.0,False,True,1103.104199981317,1.0,1.0,110.0,0.0,0.0
102,multiple,"[[42, 46, 20], [34, 41, 4]]",1.0,1743,71,ehp CI,106.0,191.0,85.0,False,True,2.1162000484764576,0.7727272727272727,0.652542372881356,77.0,41.0,20.5
102,multiple,"[[42, 46, 20], [34, 41, 4]]",1.0,1743,71,Established CI #1,93.13892215690329,216.29351038383618,123.15458822693289,False,True,0.43720006942749023,1.1195871656993899,0.6271119857583811,89.86107784309671,53.43243254073947,26.716216270369728
102,multiple,"[[42, 46, 20], [34, 41, 4]]",1.0,1743,71,Established CI #2,,,,False,False,0.016000005416572094,,,,,
103,multiple,"[[37, 50, 13], [34, 28, 25], [33, 36, 27]]",1.0,1000,74,Simulation (reference),99.0,231.0,132.0,False,True,913.868899922818,1.0,1.0,132.0,0.0,0.0
103,multiple,"[[37, 50, 13], [34, 28, 25], [33, 36, 27]]",1.0,1000,74,ehp CI,76.0,92.0,16.0,False,True,2.0311999833211303,0.12121212121212122,0.0,0.0,162.0,81.0
103,multiple,"[[37, 50, 13], [34, 28, 25], [33, 36, 27]]",1.0,1000,74,Established CI #1,74.0,79.53653089991751,5.5365308999175085,True,True,0.4096999764442444,0.041943415908465974,0.0,0.0,176.46346910008248,88.23173455004124
103,multiple,"[[37, 50, 13], [34, 28, 25], [33, 36, 27]]",1.0,1000,74,Established CI #2,74.0,1000.0,926.0,True,True,0.18510001245886087,7.015151515151516,0.14254859611231102,132.0,794.0,372.0
104,multiple,"[[31, 40, 3], [25, 27, 15], [19, 41, 11]]",1.0,2067,68,Simulation (reference),68.0,83.0,15.0,False,True,2254.232499981299,1.0,1.0,15.0,0.0,0.0
104,multiple,"[[31, 40, 3], [25, 27, 15], [19, 41, 11]]",1.0,2067,68,ehp CI,86.0,141.0,55.0,False,True,1.946000033058226,3.6666666666666665,0.0,0.0,76.0,38.0
104,multiple,"[[31, 40, 3], [25, 27, 15], [19, 41, 11]]",1.0,2067,68,Established CI #1,68.0,138.7104296661484,70.7104296661484,True,True,0.37489994429051876,4.714028644409893,0.21213277971610225,15.0,55.7104296661484,27.8552148330742
104,multiple,"[[31, 40, 3], [25, 27, 15], [19, 41, 11]]",1.0,2067,68,Established CI #2,68.0,2067.0,1999.0,True,True,0.17950008623301983,133.26666666666668,0.007503751875937969,15.0,1984.0,992.0
105,multiple,"[[47, 32, 15], [18, 38, 14], [26, 22, 18], [37, 40, 33]]",1.0,1000,64,Simulation (reference),69.0,94.0,25.0,False,True,1255.6968999560922,1.0,1.0,25.0,0.0,0.0
105,multiple,"[[47, 32, 15], [18, 38, 14], [26, 22, 18], [37, 40, 33]]",1.0,1000,64,ehp CI,64.0,73.0,9.0,False,True,1.19420001283288,0.36,0.13333333333333333,4.0,26.0,13.0
105,multiple,"[[47, 32, 15], [18, 38, 14], [26, 22, 18], [37, 40, 33]]",1.0,1000,64,Established CI #1,64.0,66.8400466041942,2.8400466041941996,True,True,0.30860002152621746,0.11360186416776799,0.0,0.0,32.1599533958058,16.079976697902907
105,multiple,"[[47, 32, 15], [18, 38, 14], [26, 22, 18], [37, 40, 33]]",1.0,1000,64,Established CI #2,64.0,1000.0,936.0,True,True,0.16510009299963713,37.44,0.026709401709401708,25.0,911.0,450.5
106,multiple,"[[36, 7, 6], [45, 42, 41], [31, 39, 30]]",1.0,1000,46,Simulation (reference),46.0,47.0,1.0,False,True,882.2844000533223,1.0,1.0,1.0,0.0,0.0
106,multiple,"[[36, 7, 6], [45, 42, 41], [31, 39, 30]]",1.0,1000,46,ehp CI,46.0,47.0,1.0,False,True,1.1829000432044268,1.0,1.0,1.0,0.0,0.0
106,multiple,"[[36, 7, 6], [45, 42, 41], [31, 39, 30]]",1.0,1000,46,Established CI #1,46.0,55.14488455295073,9.144884552950728,True,True,1.0004000505432487,9.144884552950728,0.10935075169181176,1.0,8.144884552950728,4.072442276475364
106,multiple,"[[36, 7, 6], [45, 42, 41], [31, 39, 30]]",1.0,1000,46,Established CI #2,46.0,212.53322014530224,166.53322014530224,True,True,0.42559998109936714,166.53322014530224,0.006004807924373815,1.0,165.53322014530224,82.76661007265113
107,multiple,"[[48, 30, 29], [20, 35, 13]]",1.0,1000,49,Simulation (reference),49.0,54.0,5.0,False,True,619.0876999171451,1.0,1.0,5.0,0.0,0.0
107,multiple,"[[48, 30, 29], [20, 35, 13]]",1.0,1000,49,ehp CI,49.0,54.0,5.0,False,True,0.8500999538227916,1.0,1.0,5.0,0.0,0.0
107,multiple,"[[48, 30, 29], [20, 35, 13]]",1.0,1000,49,Established CI #1,49.0,70.69727996225356,21.69727996225356,True,True,0.5341999931260943,4.339455992450712,0.2304436320450502,5.0,16.69727996225356,8.34863998112678
107,multiple,"[[48, 30, 29], [20, 35, 13]]",1.0,1000,49,Established CI #2,,,,False,False,0.013900105841457844,,,,,
108,multiple,"[[39, 44, 9], [47, 30, 28], [45, 33, 31]]",1.0,1000,74,Simulation (reference),116.0,384.0,268.0,False,True,893.0482999421656,1.0,1.0,268.0,0.0,0.0
108,multiple,"[[39, 44, 9], [47, 30, 28], [45, 33, 31]]",1.0,1000,74,ehp CI,77.0,92.0,15.0,False,True,1.1984999291598797,0.055970149253731345,0.0,0.0,331.0,165.5
108,multiple,"[[39, 44, 9], [47, 30, 28], [45, 33, 31]]",1.0,1000,74,Established CI #1,74.0,87.32183739616207,13.321837396162067,True,True,0.3266000421717763,0.04970834849314204,0.0,0.0,338.6781626038379,169.33908130191895
108,multiple,"[[39, 44, 9], [47, 30, 28], [45, 33, 31]]",1.0,1000,74,Established CI #2,74.0,1000.0,926.0,True,True,0.6819999543949962,3.455223880597015,0.2894168466522678,268.0,658.0,287.0
109,multiple,"[[50, 48, 26], [27, 19, 17], [36, 45, 22], [34, 29, 24]]",1.0,1000,72,Simulation (reference),77.0,99.0,22.0,False,True,1284.047199995257,1.0,1.0,22.0,0.0,0.0
109,multiple,"[[50, 48, 26], [27, 19, 17], [36, 45, 22], [34, 29, 24]]",1.0,1000,72,ehp CI,73.0,84.0,11.0,False,True,1.4670999953523278,0.5,0.2692307692307692,7.0,19.0,9.5
109,multiple,"[[50, 48, 26], [27, 19, 17], [36, 45, 22], [34, 29, 24]]",1.0,1000,72,Established CI #1,72.0,77.21655715796739,5.216557157967387,True,True,0.341300037689507,0.23711623445306304,0.008020635480273578,0.21655715796738662,26.783442842032613,13.391721421016314
109,multiple,"[[50, 48, 26], [27, 19, 17], [36, 45, 22], [34, 29, 24]]",1.0,1000,72,Established CI #2,72.0,1000.0,928.0,True,True,0.17230003140866756,42.18181818181818,0.023706896551724137,22.0,906.0,448.0
110,multiple,"[[14, 43, 12], [36, 33, 10]]",1.0,1000,59,Simulation (reference),71.0,105.0,34.0,False,True,676.1285000247881,1.0,1.0,34.0,0.0,0.0
110,multiple,"[[14, 43, 12], [36, 33, 10]]",1.0,1000,59,ehp CI,70.0,118.0,48.0,False,True,0.7789999945089221,1.411764705882353,0.7083333333333334,34.0,14.0,6.0
110,multiple,"[[14, 43, 12], [36, 33, 10]]",1.0,1000,59,Established CI #1,59.0,129.82978710079445,70.82978710079445,True,True,0.3203999949619174,2.083229032376307,0.4800240321436551,34.0,36.82978710079445,6.414893550397224
110,multiple,"[[14, 43, 12], [36, 33, 10]]",1.0,1000,59,Established CI #2,,,,False,False,0.011399970389902592,,,,,
111,multiple,"[[45, 48, 30], [39, 39, 22]]",1.0,1000,63,Simulation (reference),65.0,80.0,15.0,False,True,629.6577999601141,1.0,1.0,15.0,0.0,0.0
111,multiple,"[[45, 48, 30], [39, 39, 22]]",1.0,1000,63,ehp CI,65.0,80.0,15.0,False,True,0.7142000831663609,1.0,1.0,15.0,0.0,0.0
111,multiple,"[[45, 48, 30], [39, 39, 22]]",1.0,1000,63,Established CI #1,63.0,94.78297803276854,31.78297803276854,True,True,0.3560000332072377,2.1188652021845695,0.4719507399380531,15.0,16.78297803276854,6.39148901638427
111,multiple,"[[45, 48, 30], [39, 39, 22]]",1.0,1000,63,Established CI #2,,,,False,False,0.013899989426136017,,,,,
112,multiple,"[[26, 43, 21], [42, 39, 21]]",1.0,1000,60,Simulation (reference),62.0,77.0,15.0,False,True,647.8304999182001,1.0,1.0,15.0,0.0,0.0
112,multiple,"[[26, 43, 21], [42, 39, 21]]",1.0,1000,60,ehp CI,63.0,80.0,17.0,False,True,0.7621999830007553,1.1333333333333333,0.7777777777777778,14.0,4.0,2.0
112,multiple,"[[26, 43, 21], [42, 39, 21]]",1.0,1000,60,Established CI #1,60.0,91.04752503550039,31.047525035500385,True,True,0.3472999669611454,2.0698350023666925,0.48313029727325085,15.0,16.047525035500385,6.0237625177501855
112,multiple,"[[26, 43, 21], [42, 39, 21]]",1.0,1000,60,Established CI #2,,,,False,False,0.012899981811642647,,,,,
113,multiple,"[[7, 43, 2], [23, 22, 11]]",1.0,1000,48,Simulation (reference),48.0,106.0,58.0,False,True,747.6876999717206,1.0,1.0,58.0,0.0,0.0
113,multiple,"[[7, 43, 2], [23, 22, 11]]",1.0,1000,48,ehp CI,53.0,107.0,54.0,False,True,0.7987999124452472,0.9310344827586207,0.8983050847457628,53.0,6.0,3.0
113,multiple,"[[7, 43, 2], [23, 22, 11]]",1.0,1000,48,Established CI #1,48.0,116.58560226306486,68.58560226306486,True,True,0.33680000342428684,1.1825103838459459,0.845658535993268,58.0,10.585602263064857,5.292801131532428
113,multiple,"[[7, 43, 2], [23, 22, 11]]",1.0,1000,48,Established CI #2,,,,False,False,0.011699972674250603,,,,,
114,multiple,"[[24, 37, 21], [40, 39, 33], [36, 41, 14]]",1.0,1000,63,Simulation (reference),79.0,164.0,85.0,False,True,976.841300027445,1.0,1.0,85.0,0.0,0.0
114,multiple,"[[24, 37, 21], [40, 39, 33], [36, 41, 14]]",1.0,1000,63,ehp CI,64.0,74.0,10.0,False,True,1.1172000085934997,0.11764705882352941,0.0,0.0,105.0,52.5
114,multiple,"[[24, 37, 21], [40, 39, 33], [36, 41, 14]]",1.0,1000,63,Established CI #1,63.0,74.31162219530253,11.311622195302533,True,True,0.3548000240698457,0.1330779081800298,0.0,0.0,105.68837780469747,52.84418890234873
114,multiple,"[[24, 37, 21], [40, 39, 33], [36, 41, 14]]",1.0,1000,63,Established CI #2,63.0,1000.0,937.0,True,True,0.16880000475794077,11.023529411764706,0.09071504802561366,85.0,852.0,410.0
115,multiple,"[[20, 21, 5], [47, 50, 30], [31, 10, 8], [49, 24, 21]]",1.0,1000,67,Simulation (reference),68.0,79.0,11.0,False,True,1311.091999989003,1.0,1.0,11.0,0.0,0.0
115,multiple,"[[20, 21, 5], [47, 50, 30], [31, 10, 8], [49, 24, 21]]",1.0,1000,67,ehp CI,68.0,80.0,12.0,False,True,2.113000024110079,1.0909090909090908,0.9166666666666666,11.0,1.0,0.5
115,multiple,"[[20, 21, 5], [47, 50, 30], [31, 10, 8], [49, 24, 21]]",1.0,1000,67,Established CI #1,67.0,86.34997150476441,19.34997150476441,True,True,0.4144000122323632,1.7590883186149464,0.5684762893470693,11.0,8.349971504764412,3.174985752382213
115,multiple,"[[20, 21, 5], [47, 50, 30], [31, 10, 8], [49, 24, 21]]",1.0,1000,67,Established CI #2,67.0,224.2945132355324,157.2945132355324,True,True,0.18809991888701916,14.29950120323022,0.06993250923844131,11.0,146.2945132355324,72.1472566177662
116,multiple,"[[50, 9, 7], [33, 14, 2]]",1.0,1155,52,Simulation (reference),52.0,184.0,132.0,False,True,816.9587000738829,1.0,1.0,132.0,0.0,0.0
116,multiple,"[[50, 9, 7], [33, 14, 2]]",1.0,1155,52,ehp CI,64.0,188.0,124.0,False,True,0.9805000154301524,0.9393939393939394,0.8823529411764706,120.0,16.0,8.0
116,multiple,"[[50, 9, 7], [33, 14, 2]]",1.0,1155,52,Established CI #1,53.38077213432876,221.6080968651378,168.22732473080904,False,True,0.34799997229129076,1.2744494297788564,0.7701237752200699,130.61922786567123,38.98886899946657,19.494434499733273
116,multiple,"[[50, 9, 7], [33, 14, 2]]",1.0,1155,52,Established CI #2,,,,False,False,0.0127000967040658,,,,,
117,multiple,"[[34, 12, 5], [50, 28, 2]]",1.0,3500,76,Simulation (reference),76.0,629.0,553.0,False,True,2806.431300006807,1.0,1.0,553.0,0.0,0.0
117,multiple,"[[34, 12, 5], [50, 28, 2]]",1.0,3500,76,ehp CI,151.0,691.0,540.0,False,True,2.6019999058917165,0.976491862567812,0.7772357723577236,478.0,137.0,68.5
117,multiple,"[[34, 12, 5], [50, 28, 2]]",1.0,3500,76,Established CI #1,125.35815683690139,642.4188944008516,517.0607375639503,False,True,0.3339999821037054,0.9350103753416823,0.8891685078687964,503.6418431630986,62.777051237753014,31.388525618876486
117,multiple,"[[34, 12, 5], [50, 28, 2]]",1.0,3500,76,Established CI #2,,,,False,False,0.011999974958598614,,,,,
118,multiple,"[[34, 38, 16], [33, 29, 19]]",1.0,1000,56,Simulation (reference),59.0,80.0,21.0,False,True,623.64120001439,1.0,1.0,21.0,0.0,0.0
118,multiple,"[[34, 38, 16], [33, 29, 19]]",1.0,1000,56,ehp CI,60.0,82.0,22.0,False,True,0.7884000660851598,1.0476190476190477,0.8695652173913043,20.0,3.0,1.5
118,multiple,"[[34, 38, 16], [33, 29, 19]]",1.0,1000,56,Established CI #1,56.0,92.25235136302564,36.25235136302564,True,True,0.3337000962346792,1.7263024458583638,0.5792727701910735,21.0,15.252351363025639,4.626175681512819
118,multiple,"[[34, 38, 16], [33, 29, 19]]",1.0,1000,56,Established CI #2,,,,False,False,0.011699972674250603,,,,,
119,multiple,"[[7, 33, 2], [33, 43, 8]]",1.0,1000,68,Simulation (reference),107.0,321.0,214.0,False,True,680.3191000362858,1.0,1.0,214.0,0.0,0.0
119,multiple,"[[7, 33, 2], [33, 43, 8]]",1.0,1000,68,ehp CI,107.0,322.0,215.0,False,True,1.0133000323548913,1.0046728971962617,0.9953488372093023,214.0,1.0,0.5
119,multiple,"[[7, 33, 2], [33, 43, 8]]",1.0,1000,68,Established CI #1,89.72093831300087,344.0805541646195,254.35961585161863,False,True,0.3638999769464135,1.1885963357552272,0.8413285233330337,214.0,40.35961585161864,2.9007462388102
119,multiple,"[[7, 33, 2], [33, 43, 8]]",1.0,1000,68,Established CI #2,,,,False,False,0.011699972674250603,,,,,
120,multiple,"[[49, 17, 12], [19, 9, 6]]",1.0,1000,54,Simulation (reference),55.0,84.0,29.0,False,True,644.1547999856994,1.0,1.0,29.0,0.0,0.0
120,multiple,"[[49, 17, 12], [19, 9, 6]]",1.0,1000,54,ehp CI,56.0,86.0,30.0,False,True,0.7766999769955873,1.0344827586206897,0.9032258064516129,28.0,3.0,1.5
120,multiple,"[[49, 17, 12], [19, 9, 6]]",1.0,1000,54,Established CI #1,54.0,94.11375828451109,40.11375828451109,True,True,0.31409994699060917,1.383233044293486,0.7229439783306869,29.0,11.113758284511093,4.5568791422555535
120,multiple,"[[49, 17, 12], [19, 9, 6]]",1.0,1000,54,Established CI #2,,,,False,False,0.011299969628453255,,,,,
121,multiple,"[[6, 33, 5], [40, 41, 28], [26, 32, 6], [48, 33, 11]]",1.0,1000,70,Simulation (reference),82.0,84.0,2.0,False,True,1275.2145000267774,1.0,1.0,2.0,0.0,0.0
121,multiple,"[[6, 33, 5], [40, 41, 28], [26, 32, 6], [48, 33, 11]]",1.0,1000,70,ehp CI,79.0,107.0,28.0,False,True,1.2420000275596976,14.0,0.07142857142857142,2.0,26.0,10.0
121,multiple,"[[6, 33, 5], [40, 41, 28], [26, 32, 6], [48, 33, 11]]",1.0,1000,70,Established CI #1,70.0,114.62919772427728,44.629197724277276,True,True,0.32380002085119486,22.314598862138638,0.04481371169511401,2.0,42.629197724277276,9.314598862138638
121,multiple,"[[6, 33, 5], [40, 41, 28], [26, 32, 6], [48, 33, 11]]",1.0,1000,70,Established CI #2,70.0,1000.0,930.0,True,True,0.15520001761615276,465.0,0.002150537634408602,2.0,928.0,452.0
122,multiple,"[[32, 27, 5], [50, 17, 10], [43, 49, 41]]",1.0,1000,57,Simulation (reference),82.0,180.0,98.0,False,True,912.6233999850228,1.0,1.0,98.0,0.0,0.0
122,multiple,"[[32, 27, 5], [50, 17, 10], [43, 49, 41]]",1.0,1000,57,ehp CI,59.0,72.0,13.0,False,True,1.1254999553784728,0.1326530612244898,0.0,0.0,131.0,65.5
122,multiple,"[[32, 27, 5], [50, 17, 10], [43, 49, 41]]",1.0,1000,57,Established CI #1,57.0,90.32712944030268,33.327129440302684,True,True,0.3657999914139509,0.3400727493908437,0.06770023935205434,8.327129440302684,114.67287055969732,57.33643527984866
122,multiple,"[[32, 27, 5], [50, 17, 10], [43, 49, 41]]",1.0,1000,57,Established CI #2,57.0,1000.0,943.0,True,True,0.18169998656958342,9.622448979591837,0.10392364793213149,98.0,845.0,397.5
123,multiple,"[[15, 37, 3], [20, 16, 2]]",1.0,1000,49,Simulation (reference),84.0,558.0,474.0,False,True,747.5287000415847,1.0,1.0,474.0,0.0,0.0
123,multiple,"[[15, 37, 3], [20, 16, 2]]",1.0,1000,49,ehp CI,87.0,561.0,474.0,False,True,1.0052999714389443,1.0,0.9874213836477987,471.0,6.0,3.0
123,multiple,"[[15, 37, 3], [20, 16, 2]]",1.0,1000,49,Established CI #1,74.98929530387453,538.9635572714443,463.97426196756976,False,True,0.3253000322729349,0.9788486539400206,0.9419326587340826,454.9635572714443,28.04714742468117,14.023573712340578
123,multiple,"[[15, 37, 3], [20, 16, 2]]",1.0,1000,49,Established CI #2,,,,False,False,0.011899974197149277,,,,,
124,multiple,"[[7, 9, 4], [33, 36, 14]]",1.0,1000,55,Simulation (reference),59.0,109.0,50.0,False,True,688.8646999141201,1.0,1.0,50.0,0.0,0.0
124,multiple,"[[7, 9, 4], [33, 36, 14]]",1.0,1000,55,ehp CI,63.0,110.0,47.0,False,True,0.7556000491604209,0.94,0.9019607843137255,46.0,5.0,2.5
124,multiple,"[[7, 9, 4], [33, 36, 14]]",1.0,1000,55,Established CI #1,55.0,117.26724264334999,62.26724264334999,True,True,0.30720001086592674,1.2453448528669997,0.8029904308817165,50.0,12.267242643349988,2.133621321674994
124,multiple,"[[7, 9, 4], [33, 36, 14]]",1.0,1000,55,Established CI #2,,,,False,False,0.011600088328123093,,,,,
125,multiple,"[[39, 17, 14], [38, 38, 6], [47, 49, 39]]",1.0,1204,70,Simulation (reference),70.0,73.0,3.0,False,True,1125.6065999623388,1.0,1.0,3.0,0.0,0.0
125,multiple,"[[39, 17, 14], [38, 38, 6], [47, 49, 39]]",1.0,1204,70,ehp CI,73.0,91.0,18.0,False,True,1.7691999673843384,6.0,0.0,0.0,21.0,10.5
125,multiple,"[[39, 17, 14], [38, 38, 6], [47, 49, 39]]",1.0,1204,70,Established CI #1,70.0,98.18866706098201,28.188667060982013,True,True,0.5749999545514584,9.39622235366067,0.1064257488128099,3.0,25.188667060982013,12.594333530491014
125,multiple,"[[39, 17, 14], [38, 38, 6], [47, 49, 39]]",1.0,1204,70,Established CI #2,70.0,1204.0,1134.0,True,True,0.22819999139755964,378.0,0.0026455026455026454,3.0,1131.0,565.5
126,multiple,"[[10, 21, 4], [29, 50, 10], [37, 33, 32], [23, 18, 6]]",1.0,1000,69,Simulation (reference),90.0,167.0,77.0,False,True,1348.8349999533966,1.0,1.0,77.0,0.0,0.0
126,multiple,"[[10, 21, 4], [29, 50, 10], [37, 33, 32], [23, 18, 6]]",1.0,1000,69,ehp CI,72.0,91.0,19.0,False,True,1.4016000786796212,0.24675324675324675,0.010526315789473684,1.0,94.0,47.0
126,multiple,"[[10, 21, 4], [29, 50, 10], [37, 33, 32], [23, 18, 6]]",1.0,1000,69,Established CI #1,69.0,84.84376870903894,15.84376870903894,True,True,0.35900005605071783,0.2057632299875187,0.0,0.0,103.15623129096106,51.57811564548052
126,multiple,"[[10, 21, 4], [29, 50, 10], [37, 33, 32], [23, 18, 6]]",1.0,1000,69,Established CI #2,69.0,1000.0,931.0,True,True,0.1762000611051917,12.090909090909092,0.08270676691729323,77.0,854.0,406.0
127,multiple,"[[7, 41, 6], [48, 43, 26], [23, 29, 14]]",1.0,1000,65,Simulation (reference),67.0,83.0,16.0,False,True,982.133699930273,1.0,1.0,16.0,0.0,0.0
127,multiple,"[[7, 41, 6], [48, 43, 26], [23, 29, 14]]",1.0,1000,65,ehp CI,67.0,84.0,17.0,False,True,0.965600018389523,1.0625,0.9411764705882353,16.0,1.0,0.5
127,multiple,"[[7, 41, 6], [48, 43, 26], [23, 29, 14]]",1.0,1000,65,Established CI #1,65.0,89.61397912025151,24.613979120251514,True,True,0.3357999958097935,1.5383736950157196,0.6500371159751153,16.0,8.613979120251514,2.306989560125757
127,multiple,"[[7, 41, 6], [48, 43, 26], [23, 29, 14]]",1.0,1000,65,Established CI #2,65.0,1000.0,935.0,True,True,0.1561000244691968,58.4375,0.017112299465240642,16.0,919.0,457.5
128,multiple,"[[44, 38, 20], [21, 22, 14], [38, 34, 33]]",1.0,1000,62,Simulation (reference),67.0,116.0,49.0,False,True,949.2605999112129,1.0,1.0,49.0,0.0,0.0
128,multiple,"[[44, 38, 20], [21, 22, 14], [38, 34, 33]]",1.0,1000,62,ehp CI,62.0,71.0,9.0,False,True,0.9941000025719404,0.1836734693877551,0.07407407407407407,4.0,50.0,25.0
128,multiple,"[[44, 38, 20], [21, 22, 14], [38, 34, 33]]",1.0,1000,62,Established CI #1,62.0,65.98094791725784,3.9809479172578364,True,True,0.32490002922713757,0.0812438350460783,0.0,0.0,55.019052082742164,27.509526041371082
128,multiple,"[[44, 38, 20], [21, 22, 14], [38, 34, 33]]",1.0,1000,62,Established CI #2,62.0,1000.0,938.0,True,True,0.1537000061944127,19.142857142857142,0.05223880597014925,49.0,889.0,439.5
129,multiple,"[[49, 47, 30], [24, 44, 9], [9, 31, 4]]",1.0,1000,66,Simulation (reference),72.0,97.0,25.0,False,True,965.148700051941,1.0,1.0,25.0,0.0,0.0
129,multiple,"[[49, 47, 30], [24, 44, 9], [9, 31, 4]]",1.0,1000,66,ehp CI,73.0,98.0,25.0,False,True,0.9711000602692366,1.0,0.9230769230769231,24.0,2.0,1.0
129,multiple,"[[49, 47, 30], [24, 44, 9], [9, 31, 4]]",1.0,1000,66,Established CI #1,66.0,116.90489360160356,50.90489360160356,True,True,0.3197999903932214,2.0361957440641425,0.49111191933053117,25.0,25.90489360160356,6.952446800801781
129,multiple,"[[49, 47, 30], [24, 44, 9], [9, 31, 4]]",1.0,1000,66,Established CI #2,66.0,1000.0,934.0,True,True,0.15860004350543022,37.36,0.02676659528907923,25.0,909.0,448.5
130,multiple,"[[12, 5, 2], [38, 34, 19], [29, 41, 11], [33, 45, 28]]",1.0,1000,59,Simulation (reference),65.0,102.0,37.0,False,True,1125.8873000042513,1.0,1.0,37.0,0.0,0.0
130,multiple,"[[12, 5, 2], [38, 34, 19], [29, 41, 11], [33, 45, 28]]",1.0,1000,59,ehp CI,63.0,79.0,16.0,False,True,1.4516999945044518,0.43243243243243246,0.358974358974359,14.0,25.0,12.5
130,multiple,"[[12, 5, 2], [38, 34, 19], [29, 41, 11], [33, 45, 28]]",1.0,1000,59,Established CI #1,59.0,87.93019217237111,28.930192172371108,True,True,0.4941000370308757,0.7818970857397597,0.5332602830783979,22.930192172371108,20.069807827628892,10.034903913814446
130,multiple,"[[12, 5, 2], [38, 34, 19], [29, 41, 11], [33, 45, 28]]",1.0,1000,59,Established CI #2,59.0,356.2033238154629,297.2033238154629,True,True,0.23929995950311422,8.03252226528278,0.12449389705672922,37.0,260.2033238154629,124.10166190773145
131,multiple,"[[45, 44, 4], [35, 24, 9], [40, 29, 25]]",1.0,2475,85,Simulation (reference),178.0,1234.0,1056.0,False,True,2630.7022001128644,1.0,1.0,1056.0,0.0,0.0
131,multiple,"[[45, 44, 4], [35, 24, 9], [40, 29, 25]]",1.0,2475,85,ehp CI,106.0,160.0,54.0,False,True,2.0918999798595905,0.05113636363636364,0.0,0.0,1146.0,573.0
131,multiple,"[[45, 44, 4], [35, 24, 9], [40, 29, 25]]",1.0,2475,85,Established CI #1,85.0,148.00456941836626,63.00456941836626,True,True,0.35939994268119335,0.05966341800981653,0.0,0.0,1178.9954305816336,589.4977152908168
131,multiple,"[[45, 44, 4], [35, 24, 9], [40, 29, 25]]",1.0,2475,85,Established CI #2,85.0,2475.0,2390.0,True,True,0.1556000206619501,2.2632575757575757,0.44184100418410044,1056.0,1334.0,574.0
132,multiple,"[[27, 11, 10], [39, 38, 18], [25, 30, 10]]",1.0,1000,59,Simulation (reference),65.0,104.0,39.0,False,True,989.1901999944821,1.0,1.0,39.0,0.0,0.0
132,multiple,"[[27, 11, 10], [39, 38, 18], [25, 30, 10]]",1.0,1000,59,ehp CI,64.0,89.0,25.0,False,True,1.0142000392079353,0.6410256410256411,0.6,24.0,16.0,8.0
132,multiple,"[[27, 11, 10], [39, 38, 18], [25, 30, 10]]",1.0,1000,59,Established CI #1,59.0,94.0461196128262,35.0461196128262,True,True,0.32320001628249884,0.8986184516109282,0.6454693247294712,29.046119612826203,15.953880387173797,7.976940193586898
132,multiple,"[[27, 11, 10], [39, 38, 18], [25, 30, 10]]",1.0,1000,59,Established CI #2,59.0,1000.0,941.0,True,True,0.15600002370774746,24.128205128205128,0.04144527098831031,39.0,902.0,445.0
133,multiple,"[[43, 16, 2], [34, 14, 2], [35, 16, 5], [28, 5, 3]]",1.0,1720,57,Simulation (reference),102.0,297.0,195.0,False,True,2330.7783000636846,1.0,1.0,195.0,0.0,0.0
133,multiple,"[[43, 16, 2], [34, 14, 2], [35, 16, 5], [28, 5, 3]]",1.0,1720,57,ehp CI,104.0,294.0,190.0,False,True,2.169799990952015,0.9743589743589743,0.9743589743589743,190.0,5.0,0.5
133,multiple,"[[43, 16, 2], [34, 14, 2], [35, 16, 5], [28, 5, 3]]",1.0,1720,57,Established CI #1,88.92457300895349,300.6172761907118,211.6927031817583,False,True,0.3703000256791711,1.085603606060299,0.9211465349024051,195.0,16.69270318175829,4.729075400167375
133,multiple,"[[43, 16, 2], [34, 14, 2], [35, 16, 5], [28, 5, 3]]",1.0,1720,57,Established CI #2,57.0,1720.0,1663.0,True,True,0.1818999880924821,8.528205128205128,0.11725796752856284,195.0,1468.0,689.0
134,multiple,"[[43, 22, 3], [14, 39, 7], [33, 35, 11]]",1.0,1577,62,Simulation (reference),100.0,194.0,94.0,False,True,1649.4221000466496,1.0,1.0,94.0,0.0,0.0
134,multiple,"[[43, 22, 3], [14, 39, 7], [33, 35, 11]]",1.0,1577,62,ehp CI,96.0,189.0,93.0,False,True,1.3835999416187406,0.9893617021276596,0.9081632653061225,89.0,9.0,4.5
134,multiple,"[[43, 22, 3], [14, 39, 7], [33, 35, 11]]",1.0,1577,62,Established CI #1,82.45918206212656,203.6258637650276,121.16668170290103,False,True,0.38790004327893257,1.2890072521585216,0.7757908253234718,94.0,27.16668170290103,3.9574770864229265
134,multiple,"[[43, 22, 3], [14, 39, 7], [33, 35, 11]]",1.0,1577,62,Established CI #2,62.0,1577.0,1515.0,True,True,0.22520008496940136,16.117021276595743,0.062046204620462043,94.0,1421.0,672.5
135,multiple,"[[14, 40, 8], [41, 26, 9]]",1.0,1000,58,Simulation (reference),75.0,146.0,71.0,False,True,634.8586999811232,1.0,1.0,71.0,0.0,0.0
135,multiple,"[[14, 40, 8], [41, 26, 9]]",1.0,1000,58,ehp CI,74.0,146.0,72.0,False,True,0.7798000006005168,1.0140845070422535,0.9861111111111112,71.0,1.0,0.5
135,multiple,"[[14, 40, 8], [41, 26, 9]]",1.0,1000,58,Established CI #1,59.7384583810303,164.1905720370426,104.45211365601232,False,True,0.6244999822229147,1.4711565303663707,0.679737321868098,71.0,33.452113656012315,1.464515209036449
135,multiple,"[[14, 40, 8], [41, 26, 9]]",1.0,1000,58,Established CI #2,,,,False,False,0.01880002673715353,,,,,
136,multiple,"[[30, 40, 28], [17, 25, 6]]",1.0,1000,42,Simulation (reference),42.0,48.0,6.0,False,True,689.9252999573946,1.0,1.0,6.0,0.0,0.0
136,multiple,"[[30, 40, 28], [17, 25, 6]]",1.0,1000,42,ehp CI,42.0,49.0,7.0,False,True,0.7876999443396926,1.1666666666666667,0.8571428571428571,6.0,1.0,0.5
136,multiple,"[[30, 40, 28], [17, 25, 6]]",1.0,1000,42,Established CI #1,42.0,69.01387928419804,27.01387928419804,True,True,0.32680004369467497,4.502313214033006,0.22210804812138707,6.0,21.01387928419804,10.50693964209902
136,multiple,"[[30, 40, 28], [17, 25, 6]]",1.0,1000,42,Established CI #2,,,,False,False,0.011300086043775082,,,,,
137,multiple,"[[34, 15, 13], [40, 43, 6], [28, 23, 5], [42, 46, 9]]",1.0,1434,79,Simulation (reference),156.0,333.0,177.0,False,True,2004.9599999329075,1.0,1.0,177.0,0.0,0.0
137,multiple,"[[34, 15, 13], [40, 43, 6], [28, 23, 5], [42, 46, 9]]",1.0,1434,79,ehp CI,127.0,214.0,87.0,False,True,1.576300011947751,0.4915254237288136,0.2815533980582524,58.0,148.0,74.0
137,multiple,"[[34, 15, 13], [40, 43, 6], [28, 23, 5], [42, 46, 9]]",1.0,1434,79,Established CI #1,103.70214215886257,211.57190395597019,107.86976179710761,False,True,0.31619996298104525,0.6094336824695346,0.24235683873885822,55.571903955970186,173.72595388516726,86.86297694258363
137,multiple,"[[34, 15, 13], [40, 43, 6], [28, 23, 5], [42, 46, 9]]",1.0,1434,79,Established CI #2,79.0,1434.0,1355.0,True,True,0.16830000095069408,7.655367231638418,0.13062730627306274,177.0,1178.0,512.0
138,multiple,"[[47, 44, 21], [13, 26, 9], [46, 36, 32], [27, 33, 19]]",1.0,1000,70,Simulation (reference),75.0,87.0,12.0,False,True,1360.2388999424875,1.0,1.0,12.0,0.0,0.0
138,multiple,"[[47, 44, 21], [13, 26, 9], [46, 36, 32], [27, 33, 19]]",1.0,1000,70,ehp CI,71.0,81.0,10.0,False,True,1.2498999712988734,0.8333333333333334,0.375,6.0,10.0,5.0
138,multiple,"[[47, 44, 21], [13, 26, 9], [46, 36, 32], [27, 33, 19]]",1.0,1000,70,Established CI #1,70.0,76.99878301271596,6.998783012715961,True,True,0.3309999592602253,0.5832319177263301,0.11757547133623301,1.9987830127159611,15.001216987284039,7.500608493642019
138,multiple,"[[47, 44, 21], [13, 26, 9], [46, 36, 32], [27, 33, 19]]",1.0,1000,70,Established CI #2,70.0,1000.0,930.0,True,True,0.16369996592402458,77.5,0.012903225806451613,12.0,918.0,454.0
139,multiple,"[[16, 38, 14], [34, 46, 23], [22, 36, 18], [29, 35, 25]]",1.0,1000,57,Simulation (reference),57.0,69.0,12.0,False,True,1271.186799975112,1.0,1.0,12.0,0.0,0.0
139,multiple,"[[16, 38, 14], [34, 46, 23], [22, 36, 18], [29, 35, 25]]",1.0,1000,57,ehp CI,57.0,63.0,6.0,False,True,1.1681999312713742,0.5,0.5,6.0,6.0,3.0
139,multiple,"[[16, 38, 14], [34, 46, 23], [22, 36, 18], [29, 35, 25]]",1.0,1000,57,Established CI #1,57.0,62.72560033917186,5.725600339171862,True,True,0.6336999358609319,0.4771333615976552,0.4771333615976552,5.725600339171862,6.274399660828138,3.137199830414069
139,multiple,"[[16, 38, 14], [34, 46, 23], [22, 36, 18], [29, 35, 25]]",1.0,1000,57,Established CI #2,57.0,183.22316062916295,126.22316062916295,True,True,0.7963000098243356,10.518596719096912,0.09506971573351243,12.0,114.22316062916295,57.111580314581474
140,multiple,"[[43, 48, 33], [48, 37, 32], [39, 19, 6]]",1.0,1000,58,Simulation (reference),60.0,66.0,6.0,False,True,902.9861999442801,1.0,1.0,6.0,0.0,0.0
140,multiple,"[[43, 48, 33], [48, 37, 32], [39, 19, 6]]",1.0,1000,58,ehp CI,59.0,68.0,9.0,False,True,1.0491999564692378,1.5,0.6666666666666666,6.0,3.0,0.5
140,multiple,"[[43, 48, 33], [48, 37, 32], [39, 19, 6]]",1.0,1000,58,Established CI #1,58.0,82.61260097519826,24.612600975198262,True,True,0.2948999172076583,4.102100162533044,0.24377756767950318,6.0,18.612600975198262,7.306300487599131
140,multiple,"[[43, 48, 33], [48, 37, 32], [39, 19, 6]]",1.0,1000,58,Established CI #2,58.0,1000.0,942.0,True,True,0.1569000305607915,157.0,0.006369426751592357,6.0,936.0,466.0
141,multiple,"[[46, 46, 38], [49, 31, 6], [34, 48, 33]]",1.0,1266,74,Simulation (reference),133.0,683.0,550.0,False,True,1143.979600048624,1.0,1.0,550.0,0.0,0.0
141,multiple,"[[46, 46, 38], [49, 31, 6], [34, 48, 33]]",1.0,1266,74,ehp CI,75.0,87.0,12.0,False,True,2.099400036968291,0.02181818181818182,0.0,0.0,654.0,327.0
141,multiple,"[[46, 46, 38], [49, 31, 6], [34, 48, 33]]",1.0,1266,74,Established CI #1,74.0,86.67505429435735,12.675054294357352,True,True,0.3988000098615885,0.023045553262467912,0.0,0.0,655.3249457056427,327.66247285282134
141,multiple,"[[46, 46, 38], [49, 31, 6], [34, 48, 33]]",1.0,1266,74,Established CI #2,74.0,1266.0,1192.0,True,True,0.18540001474320889,2.1672727272727275,0.46140939597315433,550.0,642.0,262.0
142,multiple,"[[44, 46, 7], [45, 41, 20]]",1.0,1446,83,Simulation (reference),128.0,632.0,504.0,False,True,878.4657999640331,1.0,1.0,504.0,0.0,0.0
142,multiple,"[[44, 46, 7], [45, 41, 20]]",1.0,1446,83,ehp CI,117.0,202.0,85.0,False,True,1.0008999379351735,0.16865079365079366,0.1436893203883495,74.0,441.0,220.5
142,multiple,"[[44, 46, 7], [45, 41, 20]]",1.0,1446,83,Established CI #1,98.48898087135831,217.44298353518087,118.95400266382256,False,True,0.31999999191612005,0.2360198465552035,0.16764973979593498,89.44298353518087,444.0680355934608,222.0340177967304
142,multiple,"[[44, 46, 7], [45, 41, 20]]",1.0,1446,83,Established CI #2,,,,False,False,0.011399970389902592,,,,,
143,multiple,"[[30, 39, 2], [39, 38, 4], [33, 19, 7], [16, 23, 15]]",1.0,2925,73,Simulation (reference),195.0,762.0,567.0,False,True,4600.661999895237,1.0,1.0,567.0,0.0,0.0
143,multiple,"[[30, 39, 2], [39, 38, 4], [33, 19, 7], [16, 23, 15]]",1.0,2925,73,ehp CI,119.0,214.0,95.0,False,True,4.55589999910444,0.1675485008818342,0.029548989113530325,19.0,624.0,312.0
143,multiple,"[[30, 39, 2], [39, 38, 4], [33, 19, 7], [16, 23, 15]]",1.0,2925,73,Established CI #1,90.12104353577175,196.01418135739115,105.8931378216194,False,True,0.5615000845864415,0.1867603841651136,0.0015094703408011089,1.014181357391152,670.8647751068371,335.43238755341855
143,multiple,"[[30, 39, 2], [39, 38, 4], [33, 19, 7], [16, 23, 15]]",1.0,2925,73,Established CI #2,73.0,2925.0,2852.0,True,True,0.20290003158152103,5.029982363315697,0.1988078541374474,567.0,2285.0,1020.5
144,multiple,"[[35, 43, 4], [36, 27, 10], [37, 11, 6], [37, 42, 17]]",1.0,1882,74,Simulation (reference),74.0,162.0,88.0,False,True,2608.5987999103963,1.0,1.0,88.0,0.0,0.0
144,multiple,"[[35, 43, 4], [36, 27, 10], [37, 11, 6], [37, 42, 17]]",1.0,1882,74,ehp CI,103.0,163.0,60.0,False,True,1.9736000103875995,0.6818181818181818,0.6629213483146067,59.0,30.0,15.0
144,multiple,"[[35, 43, 4], [36, 27, 10], [37, 11, 6], [37, 42, 17]]",1.0,1882,74,Established CI #1,87.02024574943245,170.35543266059977,83.33518691116733,False,True,0.3160999622195959,0.9469907603541742,0.7781580361397428,74.97975425056755,21.375678410032222,10.687839205016104
144,multiple,"[[35, 43, 4], [36, 27, 10], [37, 11, 6], [37, 42, 17]]",1.0,1882,74,Established CI #2,74.0,1882.0,1808.0,True,True,0.15190010890364647,20.545454545454547,0.048672566371681415,88.0,1720.0,860.0
145,multiple,"[[20, 10, 3], [48, 39, 14]]",1.0,1000,73,Simulation (reference),96.0,189.0,93.0,False,True,686.8684999644756,1.0,1.0,93.0,0.0,0.0
145,multiple,"[[20, 10, 3], [48, 39, 14]]",1.0,1000,73,ehp CI,96.0,190.0,94.0,False,True,0.8475999347865582,1.010752688172043,0.9893617021276596,93.0,1.0,0.5
145,multiple,"[[20, 10, 3], [48, 39, 14]]",1.0,1000,73,Established CI #1,76.12428398861917,209.2268544039067,133.10257041528754,False,True,0.4787000361829996,1.4312104345729844,0.698709271427552,93.0,40.102570415287545,0.1755691962629271
145,multiple,"[[20, 10, 3], [48, 39, 14]]",1.0,1000,73,Established CI #2,,,,False,False,0.012899981811642647,,,,,
146,multiple,"[[34, 18, 11], [27, 24, 14]]",1.0,1000,41,Simulation (reference),44.0,64.0,20.0,False,True,650.1701000379398,1.0,1.0,20.0,0.0,0.0
146,multiple,"[[34, 18, 11], [27, 24, 14]]",1.0,1000,41,ehp CI,44.0,65.0,21.0,False,True,0.7776001002639532,1.05,0.9523809523809523,20.0,1.0,0.5
146,multiple,"[[34, 18, 11], [27, 24, 14]]",1.0,1000,41,Established CI #1,41.0,77.88026316674572,36.88026316674572,True,True,0.3418999258428812,1.844013158337286,0.5422954795516114,20.0,16.88026316674572,5.44013158337286
146,multiple,"[[34, 18, 11], [27, 24, 14]]",1.0,1000,41,Established CI #2,,,,False,False,0.011999974958598614,,,,,
147,multiple,"[[16, 22, 6], [19, 30, 12], [31, 28, 22], [49, 37, 29]]",1.0,1000,57,Simulation (reference),59.0,59.0,0.0,False,True,1306.6255999729037,1.0,1.0,0.0,0.0,0.0
147,multiple,"[[16, 22, 6], [19, 30, 12], [31, 28, 22], [49, 37, 29]]",1.0,1000,57,ehp CI,57.0,64.0,7.0,False,True,1.1599999852478504,,0.0,0.0,7.0,1.5
147,multiple,"[[16, 22, 6], [19, 30, 12], [31, 28, 22], [49, 37, 29]]",1.0,1000,57,Established CI #1,57.0,67.11232059335806,10.112320593358064,True,True,0.30880002304911613,,0.0,0.0,10.112320593358064,3.0561602966790318
147,multiple,"[[16, 22, 6], [19, 30, 12], [31, 28, 22], [49, 37, 29]]",1.0,1000,57,Established CI #2,57.0,146.41342471131995,89.41342471131995,True,True,0.15259999781847,,0.0,0.0,89.41342471131995,42.706712355659974
148,multiple,"[[26, 35, 21], [39, 39, 21], [25, 49, 23], [26, 45, 11]]",1.0,1000,60,Simulation (reference),67.0,72.0,5.0,False,True,1213.9140999643132,1.0,1.0,5.0,0.0,0.0
148,multiple,"[[26, 35, 21], [39, 39, 21], [25, 49, 23], [26, 45, 11]]",1.0,1000,60,ehp CI,63.0,75.0,12.0,False,True,1.2305000564083457,2.4,0.4166666666666667,5.0,7.0,0.5
148,multiple,"[[26, 35, 21], [39, 39, 21], [25, 49, 23], [26, 45, 11]]",1.0,1000,60,Established CI #1,60.0,80.59538933513699,20.595389335136986,True,True,0.3357999958097935,4.119077867027397,0.24277278368657476,5.0,15.595389335136986,0.7976946675684928
148,multiple,"[[26, 35, 21], [39, 39, 21], [25, 49, 23], [26, 45, 11]]",1.0,1000,60,Established CI #2,60.0,625.7824559612417,565.7824559612417,True,True,0.1623999560251832,113.15649119224834,0.008837318915280256,5.0,560.7824559612417,273.39122798062084
149,multiple,"[[22, 13, 5], [48, 35, 20], [15, 25, 3], [15, 37, 13]]",1.0,1000,63,Simulation (reference),65.0,90.0,25.0,False,True,1345.5947000766173,1.0,1.0,25.0,0.0,0.0
149,multiple,"[[22, 13, 5], [48, 35, 20], [15, 25, 3], [15, 37, 13]]",1.0,1000,63,ehp CI,67.0,90.0,23.0,False,True,1.4391000149771571,0.92,0.92,23.0,2.0,1.0
149,multiple,"[[22, 13, 5], [48, 35, 20], [15, 25, 3], [15, 37, 13]]",1.0,1000,63,Established CI #1,63.0,98.42871650136277,35.42871650136277,True,True,0.39169995579868555,1.417148660054511,0.7056422718287966,25.0,10.428716501362771,3.2143582506813857
149,multiple,"[[22, 13, 5], [48, 35, 20], [15, 25, 3], [15, 37, 13]]",1.0,1000,63,Established CI #2,63.0,454.9478028641515,391.9478028641515,True,True,0.1767000649124384,15.67791211456606,0.0637840034242135,25.0,366.9478028641515,181.47390143207576
150,multiple,"[[47, 49, 45], [24, 20, 11], [43, 40, 6]]",1.0,1434,77,Simulation (reference),121.0,124.0,3.0,False,True,1397.6243999786675,1.0,1.0,3.0,0.0,0.0
150,multiple,"[[47, 49, 45], [24, 20, 11], [43, 40, 6]]",1.0,1434,77,ehp CI,80.0,98.0,18.0,False,True,1.2373001081869006,6.0,0.0,0.0,67.0,33.5
150,multiple,"[[47, 49, 45], [24, 20, 11], [43, 40, 6]]",1.0,1434,77,Established CI #1,77.0,94.7301101466282,17.730110146628206,True,True,0.3143999492749572,5.910036715542735,0.0,0.0,73.2698898533718,36.634944926685904
150,multiple,"[[47, 49, 45], [24, 20, 11], [43, 40, 6]]",1.0,1434,77,Established CI #2,77.0,1434.0,1357.0,True,True,0.1680999994277954,452.3333333333333,0.002210759027266028,3.0,1354.0,633.0
151,multiple,"[[32, 25, 14], [47, 13, 7], [46, 13, 4], [46, 50, 43]]",1.0,1000,55,Simulation (reference),55.0,104.0,49.0,False,True,1251.2015999527648,1.0,1.0,49.0,0.0,0.0
151,multiple,"[[32, 25, 14], [47, 13, 7], [46, 13, 4], [46, 50, 43]]",1.0,1000,55,ehp CI,56.0,65.0,9.0,False,True,1.2023999588564038,0.1836734693877551,0.1836734693877551,9.0,40.0,19.0
151,multiple,"[[32, 25, 14], [47, 13, 7], [46, 13, 4], [46, 50, 43]]",1.0,1000,55,Established CI #1,55.0,81.60264527002003,26.602645270020034,True,True,0.33549999352544546,0.5429111279595925,0.5429111279595925,26.602645270020034,22.397354729979966,11.198677364989976
151,multiple,"[[32, 25, 14], [47, 13, 7], [46, 13, 4], [46, 50, 43]]",1.0,1000,55,Established CI #2,55.0,499.2172059502988,444.2172059502988,True,True,0.1588999293744564,9.065657264291813,0.11030639818459072,49.0,395.2172059502988,197.60860297514944
152,multiple,"[[29, 25, 14], [30, 9, 2], [12, 16, 7]]",1.0,1000,40,Simulation (reference),45.0,72.0,27.0,False,True,1054.0977999335155,1.0,1.0,27.0,0.0,0.0
152,multiple,"[[29, 25, 14], [30, 9, 2], [12, 16, 7]]",1.0,1000,40,ehp CI,45.0,72.0,27.0,False,True,1.3491000281646848,1.0,1.0,27.0,0.0,0.0
152,multiple,"[[29, 25, 14], [30, 9, 2], [12, 16, 7]]",1.0,1000,40,Established CI #1,40.0,81.4127434046652,41.41274340466521,True,True,0.37640007212758064,1.5338053112838965,0.6519732280513059,27.0,14.412743404665207,2.2063717023326035
152,multiple,"[[29, 25, 14], [30, 9, 2], [12, 16, 7]]",1.0,1000,40,Established CI #2,40.0,1000.0,960.0,True,True,0.1775999553501606,35.55555555555556,0.028125,27.0,933.0,461.5
153,multiple,"[[23, 32, 18], [41, 32, 15]]",1.0,1000,58,Simulation (reference),63.0,141.0,78.0,False,True,619.2222000099719,1.0,1.0,78.0,0.0,0.0
153,multiple,"[[23, 32, 18], [41, 32, 15]]",1.0,1000,58,ehp CI,62.0,85.0,23.0,False,True,0.7113999454304576,0.2948717948717949,0.27848101265822783,22.0,57.0,28.5
153,multiple,"[[23, 32, 18], [41, 32, 15]]",1.0,1000,58,Established CI #1,58.0,90.15798154428359,32.15798154428359,True,True,0.30880002304911613,0.4122818146703024,0.3272045969190794,27.157981544283587,55.84201845571641,27.921009227858207
153,multiple,"[[23, 32, 18], [41, 32, 15]]",1.0,1000,58,Established CI #2,,,,False,False,0.010300078429281712,,,,,
154,multiple,"[[49, 49, 33], [28, 26, 2], [11, 23, 4]]",1.0,1820,65,Simulation (reference),65.0,97.0,32.0,False,True,2002.5953999720514,1.0,1.0,32.0,0.0,0.0
154,multiple,"[[49, 49, 33], [28, 26, 2], [11, 23, 4]]",1.0,1820,65,ehp CI,70.0,95.0,25.0,False,True,1.5181000344455242,0.78125,0.78125,25.0,7.0,1.5
154,multiple,"[[49, 49, 33], [28, 26, 2], [11, 23, 4]]",1.0,1820,65,Established CI #1,65.0,121.94940564676646,56.949405646766465,True,True,0.33549999352544546,1.779668926461452,0.561902264590481,32.0,24.949405646766465,12.47470282338324
154,multiple,"[[49, 49, 33], [28, 26, 2], [11, 23, 4]]",1.0,1820,65,Established CI #2,65.0,1820.0,1755.0,True,True,0.1509999856352806,54.84375,0.018233618233618232,32.0,1723.0,861.5
155,multiple,"[[33, 8, 6], [42, 27, 22], [28, 26, 2]]",1.0,1820,52,Simulation (reference),82.0,82.0,0.0,False,True,1863.8153000501916,1.0,1.0,0.0,0.0,0.0
155,multiple,"[[33, 8, 6], [42, 27, 22], [28, 26, 2]]",1.0,1820,52,ehp CI,60.0,91.0,31.0,False,True,1.7624000320211053,,0.0,0.0,31.0,6.5
155,multiple,"[[33, 8, 6], [42, 27, 22], [28, 26, 2]]",1.0,1820,52,Established CI #1,52.0,105.0349899786963,53.0349899786963,True,True,0.42910000775009394,,0.0,0.0,53.0349899786963,3.482505010651849
155,multiple,"[[33, 8, 6], [42, 27, 22], [28, 26, 2]]",1.0,1820,52,Established CI #2,52.0,1820.0,1768.0,True,True,0.17920008394867182,,0.0,0.0,1768.0,854.0
156,multiple,"[[13, 35, 9], [16, 46, 11], [35, 47, 8], [47, 26, 6]]",1.0,1029,74,Simulation (reference),74.0,181.0,107.0,False,True,1312.1176999993622,1.0,1.0,107.0,0.0,0.0
156,multiple,"[[13, 35, 9], [16, 46, 11], [35, 47, 8], [47, 26, 6]]",1.0,1029,74,ehp CI,105.0,170.0,65.0,False,True,1.2914000544697046,0.6074766355140186,0.6074766355140186,65.0,42.0,10.0
156,multiple,"[[13, 35, 9], [16, 46, 11], [35, 47, 8], [47, 26, 6]]",1.0,1029,74,Established CI #1,85.41073496060991,172.3435828524773,86.9328478918674,False,True,0.32789993565529585,0.8124565223539009,0.8124565223539009,86.9328478918674,20.067152108132603,1.3771589065436274
156,multiple,"[[13, 35, 9], [16, 46, 11], [35, 47, 8], [47, 26, 6]]",1.0,1029,74,Established CI #2,74.0,1029.0,955.0,True,True,0.1602000556886196,8.925233644859814,0.11204188481675392,107.0,848.0,424.0
157,multiple,"[[38, 31, 14], [46, 34, 16], [15, 10, 7]]",1.0,1000,64,Simulation (reference),74.0,116.0,42.0,False,True,1067.4480000743642,1.0,1.0,42.0,0.0,0.0
157,multiple,"[[38, 31, 14], [46, 34, 16], [15, 10, 7]]",1.0,1000,64,ehp CI,74.0,106.0,32.0,False,True,1.244500046595931,0.7619047619047619,0.7619047619047619,32.0,10.0,5.0
157,multiple,"[[38, 31, 14], [46, 34, 16], [15, 10, 7]]",1.0,1000,64,Established CI #1,64.0,111.01124633944447,47.01124633944447,True,True,0.49480004236102104,1.119315389034392,0.711754737297009,37.01124633944447,14.988753660555531,7.4943768302777585
157,multiple,"[[38, 31, 14], [46, 34, 16], [15, 10, 7]]",1.0,1000,64,Established CI #2,64.0,1000.0,936.0,True,True,0.26050000451505184,22.285714285714285,0.04487179487179487,42.0,894.0,437.0
158,multiple,"[[32, 36, 22], [47, 45, 5], [26, 21, 14], [18, 38, 8]]",1.0,2115,87,Simulation (reference),87.0,358.0,271.0,False,True,3199.410400004126,1.0,1.0,271.0,0.0,0.0
158,multiple,"[[32, 36, 22], [47, 45, 5], [26, 21, 14], [18, 38, 8]]",1.0,2115,87,ehp CI,103.0,144.0,41.0,False,True,2.1594000281766057,0.15129151291512916,0.15129151291512916,41.0,230.0,99.0
158,multiple,"[[32, 36, 22], [47, 45, 5], [26, 21, 14], [18, 38, 8]]",1.0,2115,87,Established CI #1,87.0,124.05356485470783,37.05356485470783,True,True,0.32400002237409353,0.13672902160408792,0.13672902160408792,37.05356485470783,233.94643514529218,116.97321757264609
158,multiple,"[[32, 36, 22], [47, 45, 5], [26, 21, 14], [18, 38, 8]]",1.0,2115,87,Established CI #2,87.0,2115.0,2028.0,True,True,0.15390000771731138,7.483394833948339,0.133629191321499,271.0,1757.0,878.5
159,multiple,"[[39, 42, 34], [42, 31, 13], [8, 25, 4], [35, 45, 13]]",1.0,1000,67,Simulation (reference),87.0,140.0,53.0,False,True,1295.1340998988599,1.0,1.0,53.0,0.0,0.0
159,multiple,"[[39, 42, 34], [42, 31, 13], [8, 25, 4], [35, 45, 13]]",1.0,1000,67,ehp CI,72.0,91.0,19.0,False,True,1.2616999447345734,0.3584905660377358,0.058823529411764705,4.0,64.0,32.0
159,multiple,"[[39, 42, 34], [42, 31, 13], [8, 25, 4], [35, 45, 13]]",1.0,1000,67,Established CI #1,67.0,95.66262115718143,28.662621157181434,True,True,0.3247000277042389,0.5408041727770082,0.11866604324906074,8.662621157181434,64.33737884281857,32.16868942140928
159,multiple,"[[39, 42, 34], [42, 31, 13], [8, 25, 4], [35, 45, 13]]",1.0,1000,67,Established CI #2,67.0,1000.0,933.0,True,True,0.1556000206619501,17.60377358490566,0.05680600214362272,53.0,880.0,420.0
160,multiple,"[[47, 38, 29], [14, 13, 5], [41, 28, 5]]",1.0,1148,64,Simulation (reference),84.0,95.0,11.0,False,True,1213.8492999365553,1.0,1.0,11.0,0.0,0.0
160,multiple,"[[47, 38, 29], [14, 13, 5], [41, 28, 5]]",1.0,1148,64,ehp CI,72.0,101.0,29.0,False,True,1.1103999568149447,2.6363636363636362,0.3793103448275862,11.0,18.0,3.0
160,multiple,"[[47, 38, 29], [14, 13, 5], [41, 28, 5]]",1.0,1148,64,Established CI #1,64.0,112.35787935994213,48.35787935994213,True,True,0.35230000503361225,4.39617085090383,0.2274706861755396,11.0,37.35787935994213,1.3210603200289341
160,multiple,"[[47, 38, 29], [14, 13, 5], [41, 28, 5]]",1.0,1148,64,Established CI #2,64.0,1148.0,1084.0,True,True,0.15780003741383553,98.54545454545455,0.01014760147601476,11.0,1073.0,516.5
161,multiple,"[[30, 46, 14], [47, 25, 17]]",1.0,1000,62,Simulation (reference),71.0,105.0,34.0,False,True,606.0824000742286,1.0,1.0,34.0,0.0,0.0
161,multiple,"[[30, 46, 14], [47, 25, 17]]",1.0,1000,62,ehp CI,71.0,105.0,34.0,False,True,0.7726000621914864,1.0,1.0,34.0,0.0,0.0
161,multiple,"[[30, 46, 14], [47, 25, 17]]",1.0,1000,62,Established CI #1,62.0,121.30278154779838,59.302781547798375,True,True,0.31759997364133596,1.7441994572881876,0.5733289250959638,34.0,25.302781547798375,3.6513907738991804
161,multiple,"[[30, 46, 14], [47, 25, 17]]",1.0,1000,62,Established CI #2,,,,False,False,0.01109996810555458,,,,,
162,multiple,"[[21, 37, 10], [46, 8, 6], [35, 20, 13]]",1.0,1000,48,Simulation (reference),54.0,80.0,26.0,False,True,940.9600000362843,1.0,1.0,26.0,0.0,0.0
162,multiple,"[[21, 37, 10], [46, 8, 6], [35, 20, 13]]",1.0,1000,48,ehp CI,54.0,81.0,27.0,False,True,1.0264000156894326,1.0384615384615385,0.9629629629629629,26.0,1.0,0.5
162,multiple,"[[21, 37, 10], [46, 8, 6], [35, 20, 13]]",1.0,1000,48,Established CI #1,48.0,94.9965637468611,46.9965637468611,True,True,0.32160000409930944,1.8075601441100422,0.5532319371272445,26.0,20.9965637468611,4.498281873430557
162,multiple,"[[21, 37, 10], [46, 8, 6], [35, 20, 13]]",1.0,1000,48,Established CI #2,48.0,1000.0,952.0,True,True,0.15609990805387497,36.61538461538461,0.0273109243697479,26.0,926.0,457.0
163,multiple,"[[13, 14, 3], [42, 34, 30], [24, 25, 10]]",1.0,1000,46,Simulation (reference),46.0,54.0,8.0,False,True,1028.3684999449179,1.0,1.0,8.0,0.0,0.0
163,multiple,"[[13, 14, 3], [42, 34, 30], [24, 25, 10]]",1.0,1000,46,ehp CI,46.0,54.0,8.0,False,True,1.0648000752553344,1.0,1.0,8.0,0.0,0.0
163,multiple,"[[13, 14, 3], [42, 34, 30], [24, 25, 10]]",1.0,1000,46,Established CI #1,46.0,71.01699144022646,25.016991440226462,True,True,0.3303999546915293,3.127123930028308,0.3197826572837322,8.0,17.016991440226462,8.508495720113231
163,multiple,"[[13, 14, 3], [42, 34, 30], [24, 25, 10]]",1.0,1000,46,Established CI #2,46.0,1000.0,954.0,True,True,0.1596000511199236,119.25,0.008385744234800839,8.0,946.0,473.0
164,multiple,"[[48, 28, 13], [16, 15, 7], [46, 32, 13]]",1.0,1000,65,Simulation (reference),74.0,125.0,51.0,False,True,981.3416000688449,1.0,1.0,51.0,0.0,0.0
164,multiple,"[[48, 28, 13], [16, 15, 7], [46, 32, 13]]",1.0,1000,65,ehp CI,83.0,127.0,44.0,False,True,1.079099951311946,0.8627450980392157,0.7924528301886793,42.0,11.0,5.5
164,multiple,"[[48, 28, 13], [16, 15, 7], [46, 32, 13]]",1.0,1000,65,Established CI #1,65.94127058624304,134.53261308561068,68.59134249936764,False,True,0.3472999669611454,1.3449282843013264,0.7435340691935018,51.0,17.59134249936764,0.7369418359268565
164,multiple,"[[48, 28, 13], [16, 15, 7], [46, 32, 13]]",1.0,1000,65,Established CI #2,65.0,1000.0,935.0,True,True,0.16279995907098055,18.333333333333332,0.05454545454545454,51.0,884.0,433.0
165,multiple,"[[46, 44, 23], [24, 11, 4], [45, 41, 18], [47, 21, 5]]",1.0,1000,68,Simulation (reference),84.0,121.0,37.0,False,True,1262.155900010839,1.0,1.0,37.0,0.0,0.0
165,multiple,"[[46, 44, 23], [24, 11, 4], [45, 41, 18], [47, 21, 5]]",1.0,1000,68,ehp CI,88.0,123.0,35.0,False,True,2.211000071838498,0.9459459459459459,0.8461538461538461,33.0,6.0,3.0
165,multiple,"[[46, 44, 23], [24, 11, 4], [45, 41, 18], [47, 21, 5]]",1.0,1000,68,Established CI #1,77.67135611124849,137.96461973396794,60.29326362271945,False,True,0.5429999437183142,1.629547665478904,0.6136672287558476,37.0,23.29326362271945,5.317987922608211
165,multiple,"[[46, 44, 23], [24, 11, 4], [45, 41, 18], [47, 21, 5]]",1.0,1000,68,Established CI #2,68.0,506.1906380120869,438.1906380120869,True,True,0.33389998134225607,11.842990216542889,0.08443813443357821,37.0,401.1906380120869,184.59531900604344
166,multiple,"[[33, 8, 3], [46, 19, 9], [30, 43, 15], [41, 38, 19]]",1.0,1000,60,Simulation (reference),74.0,105.0,31.0,False,True,1210.7237000018358,1.0,1.0,31.0,0.0,0.0
166,multiple,"[[33, 8, 3], [46, 19, 9], [30, 43, 15], [41, 38, 19]]",1.0,1000,60,ehp CI,74.0,104.0,30.0,False,True,1.2108000228181481,0.967741935483871,0.967741935483871,30.0,1.0,0.5
166,multiple,"[[33, 8, 3], [46, 19, 9], [30, 43, 15], [41, 38, 19]]",1.0,1000,60,Established CI #1,64.96347652322221,118.35696513363901,53.393488610416796,False,True,0.31160004436969757,1.7223706003360257,0.580595140096391,31.0,22.393488610416796,2.16022082843061
166,multiple,"[[33, 8, 3], [46, 19, 9], [30, 43, 15], [41, 38, 19]]",1.0,1000,60,Established CI #2,72.24820681960747,109.21279266003727,36.96458584042979,False,True,0.3739000530913472,1.1924059948525738,0.8386405337752747,31.0,5.964585840429791,1.2304997398223634
167,multiple,"[[14, 38, 7], [26, 25, 16], [44, 31, 21], [14, 28, 12]]",1.0,1000,54,Simulation (reference),54.0,68.0,14.0,False,True,1313.519399962388,1.0,1.0,14.0,0.0,0.0
167,multiple,"[[14, 38, 7], [26, 25, 16], [44, 31, 21], [14, 28, 12]]",1.0,1000,54,ehp CI,55.0,67.0,12.0,False,True,1.208100002259016,0.8571428571428571,0.8571428571428571,12.0,2.0,0.0
167,multiple,"[[14, 38, 7], [26, 25, 16], [44, 31, 21], [14, 28, 12]]",1.0,1000,54,Established CI #1,54.0,69.4533122992958,15.453312299295803,True,True,0.32140000257641077,1.1038080213782717,0.9059546412349391,14.0,1.4533122992958027,0.7266561496479014
167,multiple,"[[14, 38, 7], [26, 25, 16], [44, 31, 21], [14, 28, 12]]",1.0,1000,54,Established CI #2,54.0,351.6098141170131,297.6098141170131,True,True,0.1727000344544649,21.257843865500938,0.04704145944090248,14.0,283.6098141170131,141.80490705850656
168,multiple,"[[15, 21, 8], [16, 20, 11], [35, 35, 23], [7, 9, 4]]",1.0,1000,47,Simulation (reference),47.0,54.0,7.0,False,True,1369.1314000170678,1.0,1.0,7.0,0.0,0.0
168,multiple,"[[15, 21, 8], [16, 20, 11], [35, 35, 23], [7, 9, 4]]",1.0,1000,47,ehp CI,47.0,56.0,9.0,False,True,1.5669999411329627,1.2857142857142858,0.7777777777777778,7.0,2.0,1.0
168,multiple,"[[15, 21, 8], [16, 20, 11], [35, 35, 23], [7, 9, 4]]",1.0,1000,47,Established CI #1,47.0,57.099960850975364,10.099960850975364,True,True,0.3357999958097935,1.4428515501393377,0.6930719933754993,7.0,3.0999608509753642,1.5499804254876821
168,multiple,"[[15, 21, 8], [16, 20, 11], [35, 35, 23], [7, 9, 4]]",1.0,1000,47,Established CI #2,47.0,397.2879273535022,350.2879273535022,True,True,0.1553000183776021,50.04113247907174,0.01998356053229253,7.0,343.2879273535022,171.6439636767511
169,multiple,"[[19, 38, 7], [49, 39, 18], [20, 35, 14], [39, 39, 14]]",1.0,1000,70,Simulation (reference),83.0,112.0,29.0,False,True,1214.9473000317812,1.0,1.0,29.0,0.0,0.0
169,multiple,"[[19, 38, 7], [49, 39, 18], [20, 35, 14], [39, 39, 14]]",1.0,1000,70,ehp CI,84.0,115.0,31.0,False,True,1.3779000146314502,1.0689655172413792,0.875,28.0,4.0,2.0
169,multiple,"[[19, 38, 7], [49, 39, 18], [20, 35, 14], [39, 39, 14]]",1.0,1000,70,Established CI #1,70.01772303716453,122.2650409430538,52.247317905889275,False,True,0.3426000475883484,1.8016316519272164,0.5550524153648688,29.0,23.247317905889275,1.358618009890833
169,multiple,"[[19, 38, 7], [49, 39, 18], [20, 35, 14], [39, 39, 14]]",1.0,1000,70,Established CI #2,70.0,653.9026102046015,583.9026102046015,True,True,0.1572000328451395,20.134572765675912,0.049665816684460955,29.0,554.9026102046015,264.45130510230075
170,multiple,"[[26, 8, 4], [29, 49, 7], [43, 50, 25], [48, 44, 8]]",1.0,1320,84,Simulation (reference),115.0,312.0,197.0,False,True,1636.4246000302956,1.0,1.0,197.0,0.0,0.0
170,multiple,"[[26, 8, 4], [29, 49, 7], [43, 50, 25], [48, 44, 8]]",1.0,1320,84,ehp CI,116.0,174.0,58.0,False,True,1.7090999754145741,0.29441624365482233,0.29441624365482233,58.0,139.0,68.5
170,multiple,"[[26, 8, 4], [29, 49, 7], [43, 50, 25], [48, 44, 8]]",1.0,1320,84,Established CI #1,99.7326023837731,184.26380615606777,84.53120377229467,False,True,0.3725000424310565,0.42909240493550593,0.32630449581001914,69.26380615606777,143.00359146015913,71.50179573007955
170,multiple,"[[26, 8, 4], [29, 49, 7], [43, 50, 25], [48, 44, 8]]",1.0,1320,84,Established CI #2,84.0,1320.0,1236.0,True,True,0.18510001245886087,6.274111675126903,0.1593851132686084,197.0,1039.0,488.5
171,multiple,"[[11, 43, 3], [40, 38, 25]]",1.0,1000,53,Simulation (reference),60.0,86.0,26.0,False,True,630.2913000108674,1.0,1.0,26.0,0.0,0.0
171,multiple,"[[11, 43, 3], [40, 38, 25]]",1.0,1000,53,ehp CI,59.0,85.0,26.0,False,True,0.8004999253898859,1.0,0.9259259259259259,25.0,2.0,1.0
171,multiple,"[[11, 43, 3], [40, 38, 25]]",1.0,1000,53,Established CI #1,53.0,107.11715476975064,54.11715476975064,True,True,0.3312999615445733,2.081429029605794,0.4804391529935527,26.0,28.11715476975064,7.058577384875321
171,multiple,"[[11, 43, 3], [40, 38, 25]]",1.0,1000,53,Established CI #2,,,,False,False,0.011200085282325745,,,,,
172,multiple,"[[37, 30, 2], [39, 47, 38], [30, 40, 12], [40, 25, 16]]",1.0,2775,65,Simulation (reference),108.0,223.0,115.0,False,True,4004.590999917127,1.0,1.0,115.0,0.0,0.0
172,multiple,"[[37, 30, 2], [39, 47, 38], [30, 40, 12], [40, 25, 16]]",1.0,2775,65,ehp CI,71.0,90.0,19.0,False,True,3.4682999830693007,0.16521739130434782,0.0,0.0,170.0,85.0
172,multiple,"[[37, 30, 2], [39, 47, 38], [30, 40, 12], [40, 25, 16]]",1.0,2775,65,Established CI #1,65.0,97.3967056448626,32.39670564486261,True,True,0.36910001654177904,0.2817104838683705,0.0,0.0,168.6032943551374,84.3016471775687
172,multiple,"[[37, 30, 2], [39, 47, 38], [30, 40, 12], [40, 25, 16]]",1.0,2775,65,Established CI #2,65.0,2775.0,2710.0,True,True,0.1634999644011259,23.565217391304348,0.042435424354243544,115.0,2595.0,1254.5
173,multiple,"[[24, 50, 3], [38, 26, 13]]",1.0,2000,71,Simulation (reference),71.0,201.0,130.0,False,True,1370.6024000421166,1.0,1.0,130.0,0.0,0.0
173,multiple,"[[24, 50, 3], [38, 26, 13]]",1.0,2000,71,ehp CI,105.0,230.0,125.0,False,True,1.5582999913021922,0.9615384615384616,0.6037735849056604,96.0,63.0,31.5
173,multiple,"[[24, 50, 3], [38, 26, 13]]",1.0,2000,71,Established CI #1,84.20891360915923,239.2464187354764,155.03750512631717,False,True,0.3720999229699373,1.192596193279363,0.6941668492478541,116.79108639084077,51.45533234463562,25.72766617231781
173,multiple,"[[24, 50, 3], [38, 26, 13]]",1.0,2000,71,Established CI #2,,,,False,False,0.01309998333454132,,,,,
174,multiple,"[[30, 49, 26], [41, 42, 24]]",1.0,1000,59,Simulation (reference),61.0,73.0,12.0,False,True,586.6145000327379,1.0,1.0,12.0,0.0,0.0
174,multiple,"[[30, 49, 26], [41, 42, 24]]",1.0,1000,59,ehp CI,60.0,73.0,13.0,False,True,0.797900022007525,1.0833333333333333,0.9230769230769231,12.0,1.0,0.5
174,multiple,"[[30, 49, 26], [41, 42, 24]]",1.0,1000,59,Established CI #1,59.0,86.01231761539565,27.012317615395645,True,True,0.32590003684163094,2.2510264679496372,0.44424177780142093,12.0,15.012317615395645,5.50615880769783
174,multiple,"[[30, 49, 26], [41, 42, 24]]",1.0,1000,59,Established CI #2,,,,False,False,0.01109996810555458,,,,,
175,multiple,"[[43, 42, 37], [35, 43, 30], [49, 25, 18]]",1.0,1000,56,Simulation (reference),56.0,57.0,1.0,False,True,887.2384999413043,1.0,1.0,1.0,0.0,0.0
175,multiple,"[[43, 42, 37], [35, 43, 30], [49, 25, 18]]",1.0,1000,56,ehp CI,56.0,60.0,4.0,False,True,0.9485000045970082,4.0,0.25,1.0,3.0,1.5
175,multiple,"[[43, 42, 37], [35, 43, 30], [49, 25, 18]]",1.0,1000,56,Established CI #1,56.0,66.80906206718998,10.809062067189984,True,True,0.31849998049438,10.809062067189984,0.09251496510834344,1.0,9.809062067189984,4.904531033594992
175,multiple,"[[43, 42, 37], [35, 43, 30], [49, 25, 18]]",1.0,1000,56,Established CI #2,56.0,1000.0,944.0,True,True,0.15480001457035542,944.0,0.001059322033898305,1.0,943.0,471.5
176,multiple,"[[35, 25, 9], [43, 14, 6], [44, 28, 15]]",1.0,1000,57,Simulation (reference),73.0,117.0,44.0,False,True,937.9228999605402,1.0,1.0,44.0,0.0,0.0
176,multiple,"[[35, 25, 9], [43, 14, 6], [44, 28, 15]]",1.0,1000,57,ehp CI,73.0,117.0,44.0,False,True,1.0284000309184194,1.0,1.0,44.0,0.0,0.0
176,multiple,"[[35, 25, 9], [43, 14, 6], [44, 28, 15]]",1.0,1000,57,Established CI #1,63.25468779997238,133.83809400389853,70.58340620392616,False,True,0.327100045979023,1.6041683228165036,0.6233759798000869,44.0,26.583406203926153,3.546390901935453
176,multiple,"[[35, 25, 9], [43, 14, 6], [44, 28, 15]]",1.0,1000,57,Established CI #2,57.0,1000.0,943.0,True,True,0.15890004578977823,21.431818181818183,0.04665959703075292,44.0,899.0,433.5
177,multiple,"[[26, 26, 18], [18, 18, 2], [46, 9, 4]]",1.0,1000,51,Simulation (reference),60.0,440.0,380.0,False,True,1050.925699993968,1.0,1.0,380.0,0.0,0.0
177,multiple,"[[26, 26, 18], [18, 18, 2], [46, 9, 4]]",1.0,1000,51,ehp CI,54.0,83.0,29.0,False,True,1.0077999904751778,0.07631578947368421,0.05958549222797927,23.0,363.0,181.5
177,multiple,"[[26, 26, 18], [18, 18, 2], [46, 9, 4]]",1.0,1000,51,Established CI #1,51.0,91.95400591784255,40.95400591784255,True,True,0.3339999821037054,0.10777369978379618,0.08214397408185746,31.95400591784255,357.04599408215745,178.52299704107872
177,multiple,"[[26, 26, 18], [18, 18, 2], [46, 9, 4]]",1.0,1000,51,Established CI #2,51.0,1000.0,949.0,True,True,0.15680002979934216,2.4973684210526317,0.40042149631190727,380.0,569.0,275.5
178,multiple,"[[19, 36, 12], [47, 26, 4], [27, 41, 11]]",1.0,1528,69,Simulation (reference),102.0,220.0,118.0,False,True,1537.5294000841677,1.0,1.0,118.0,0.0,0.0
178,multiple,"[[19, 36, 12], [47, 26, 4], [27, 41, 11]]",1.0,1528,69,ehp CI,95.0,164.0,69.0,False,True,1.33050000295043,0.5847457627118644,0.496,62.0,63.0,31.5
178,multiple,"[[19, 36, 12], [47, 26, 4], [27, 41, 11]]",1.0,1528,69,Established CI #1,76.69870751238112,169.3346366997932,92.63592918741209,False,True,0.3260000376030803,0.7850502473509499,0.469881572810035,67.33463669979321,75.96665578782567,37.98332789391284
178,multiple,"[[19, 36, 12], [47, 26, 4], [27, 41, 11]]",1.0,1528,69,Established CI #2,69.0,1528.0,1459.0,True,True,0.1580000389367342,12.364406779661017,0.08087731322823852,118.0,1341.0,637.5
179,multiple,"[[50, 49, 40], [42, 40, 10]]",1.0,1000,72,Simulation (reference),110.0,320.0,210.0,False,True,574.4441000279039,1.0,1.0,210.0,0.0,0.0
179,multiple,"[[50, 49, 40], [42, 40, 10]]",1.0,1000,72,ehp CI,77.0,98.0,21.0,False,True,0.7800000021234155,0.1,0.0,0.0,255.0,127.5
179,multiple,"[[50, 49, 40], [42, 40, 10]]",1.0,1000,72,Established CI #1,72.0,111.28786709009523,39.28786709009523,True,True,0.340700033120811,0.18708508138140587,0.005193012460061423,1.287867090095233,246.71213290990477,123.35606645495238
179,multiple,"[[50, 49, 40], [42, 40, 10]]",1.0,1000,72,Established CI #2,,,,False,False,0.012199976481497288,,,,,
180,multiple,"[[24, 22, 16], [16, 50, 11], [29, 35, 2]]",1.0,2538,62,Simulation (reference),111.0,2538.0,2427.0,False,True,3136.2846000120044,1.0,1.0,2427.0,0.0,0.0
180,multiple,"[[24, 22, 16], [16, 50, 11], [29, 35, 2]]",1.0,2538,62,ehp CI,77.0,123.0,46.0,False,True,2.073700074106455,0.018953440461475072,0.004876066639577408,12.0,2449.0,1224.5
180,multiple,"[[24, 22, 16], [16, 50, 11], [29, 35, 2]]",1.0,2538,62,Established CI #1,62.0,120.637912660648,58.637912660648,True,True,0.33820001408457756,0.024160656226060156,0.0038925333847528265,9.637912660647999,2466.362087339352,1233.181043669676
180,multiple,"[[24, 22, 16], [16, 50, 11], [29, 35, 2]]",1.0,2538,62,Established CI #2,62.0,2538.0,2476.0,True,True,0.1506999833509326,1.0201895344046148,0.9802100161550888,2427.0,49.0,24.5
181,multiple,"[[50, 49, 11], [40, 30, 6], [42, 48, 28], [23, 33, 14]]",1.0,1114,88,Simulation (reference),90.0,572.0,482.0,False,True,1432.2253999998793,1.0,1.0,482.0,0.0,0.0
181,multiple,"[[50, 49, 11], [40, 30, 6], [42, 48, 28], [23, 33, 14]]",1.0,1114,88,ehp CI,105.0,143.0,38.0,False,True,1.482799998484552,0.07883817427385892,0.07883817427385892,38.0,444.0,207.0
181,multiple,"[[50, 49, 11], [40, 30, 6], [42, 48, 28], [23, 33, 14]]",1.0,1114,88,Established CI #1,88.0,143.05264985641938,55.05264985641938,True,True,0.36230008117854595,0.11421711588468751,0.10961291292648633,53.05264985641938,430.9473501435806,215.4736750717903
181,multiple,"[[50, 49, 11], [40, 30, 6], [42, 48, 28], [23, 33, 14]]",1.0,1114,88,Established CI #2,88.0,1114.0,1026.0,True,True,0.17909996677190065,2.128630705394191,0.4697855750487329,482.0,544.0,270.0
182,multiple,"[[44, 32, 11], [29, 45, 12]]",1.0,1000,65,Simulation (reference),92.0,165.0,73.0,False,True,593.2722999714315,1.0,1.0,73.0,0.0,0.0
182,multiple,"[[44, 32, 11], [29, 45, 12]]",1.0,1000,65,ehp CI,92.0,165.0,73.0,False,True,0.7911999709904194,1.0,1.0,73.0,0.0,0.0
182,multiple,"[[44, 32, 11], [29, 45, 12]]",1.0,1000,65,Established CI #1,78.61194908771978,186.07647249945805,107.46452341173827,False,True,0.3491000970825553,1.4721167590649078,0.679293944479786,73.0,34.46452341173827,3.8442107935889
182,multiple,"[[44, 32, 11], [29, 45, 12]]",1.0,1000,65,Established CI #2,,,,False,False,0.012299977242946625,,,,,
183,multiple,"[[49, 31, 20], [10, 7, 6], [39, 43, 8]]",1.0,1049,74,Simulation (reference),74.0,147.0,73.0,False,True,905.3453999804333,1.0,1.0,73.0,0.0,0.0
183,multiple,"[[49, 31, 20], [10, 7, 6], [39, 43, 8]]",1.0,1049,74,ehp CI,91.0,139.0,48.0,False,True,1.0254000080749393,0.6575342465753424,0.6575342465753424,48.0,25.0,4.5
183,multiple,"[[49, 31, 20], [10, 7, 6], [39, 43, 8]]",1.0,1049,74,Established CI #1,74.0,138.7072798413482,64.7072798413482,True,True,0.3176999744027853,0.8864010937170986,0.8864010937170986,64.7072798413482,8.292720158651804,4.146360079325902
183,multiple,"[[49, 31, 20], [10, 7, 6], [39, 43, 8]]",1.0,1049,74,Established CI #2,74.0,1049.0,975.0,True,True,0.157299917191267,13.356164383561644,0.07487179487179488,73.0,902.0,451.0
184,multiple,"[[26, 49, 23], [42, 40, 33], [28, 25, 20], [17, 27, 7]]",1.0,1000,52,Simulation (reference),52.0,57.0,5.0,False,True,1268.7085999641567,1.0,1.0,5.0,0.0,0.0
184,multiple,"[[26, 49, 23], [42, 40, 33], [28, 25, 20], [17, 27, 7]]",1.0,1000,52,ehp CI,52.0,56.0,4.0,False,True,2.140800002962351,0.8,0.8,4.0,1.0,0.5
184,multiple,"[[26, 49, 23], [42, 40, 33], [28, 25, 20], [17, 27, 7]]",1.0,1000,52,Established CI #1,52.0,62.21539755300474,10.215397553004742,True,True,0.4854999715462327,2.0430795106009483,0.4894572114356242,5.0,5.215397553004742,2.6076987765023745
184,multiple,"[[26, 49, 23], [42, 40, 33], [28, 25, 20], [17, 27, 7]]",1.0,1000,52,Established CI #2,52.0,108.24771298370979,56.24771298370979,True,True,0.18440000712871552,11.249542596741957,0.08889250308626909,5.0,51.24771298370979,25.623856491854895
185,multiple,"[[29, 40, 7], [47, 19, 3]]",1.0,1489,63,Simulation (reference),122.0,404.0,282.0,False,True,967.6132999593392,1.0,1.0,282.0,0.0,0.0
185,multiple,"[[29, 40, 7], [47, 19, 3]]",1.0,1489,63,ehp CI,127.0,407.0,280.0,False,True,1.6902999486774206,0.9929078014184397,0.9719298245614035,277.0,8.0,4.0
185,multiple,"[[29, 40, 7], [47, 19, 3]]",1.0,1489,63,Established CI #1,111.6345977918732,428.119622848463,316.4850250565898,False,True,0.430600019171834,1.1222873228957084,0.8910374193836703,282.0,34.48502505658979,6.877110320168072
185,multiple,"[[29, 40, 7], [47, 19, 3]]",1.0,1489,63,Established CI #2,,,,False,False,0.018700025975704193,,,,,
186,multiple,"[[40, 46, 12], [29, 26, 3]]",1.0,1257,74,Simulation (reference),114.0,275.0,161.0,False,True,791.2499000085518,1.0,1.0,161.0,0.0,0.0
186,multiple,"[[40, 46, 12], [29, 26, 3]]",1.0,1257,74,ehp CI,118.0,277.0,159.0,False,True,0.941599952057004,0.9875776397515528,0.9631901840490797,157.0,6.0,3.0
186,multiple,"[[40, 46, 12], [29, 26, 3]]",1.0,1257,74,Established CI #1,104.84951703437416,308.97923680611154,204.12971977173737,False,True,0.31160004436969757,1.2678864582095488,0.7887141577426059,161.0,43.129719771737385,12.414376920242859
186,multiple,"[[40, 46, 12], [29, 26, 3]]",1.0,1257,74,Established CI #2,,,,False,False,0.011400086805224419,,,,,
187,multiple,"[[17, 12, 6], [33, 23, 8], [23, 40, 4], [26, 46, 18]]",1.0,1150,59,Simulation (reference),59.0,109.0,50.0,False,True,1565.329600009136,1.0,1.0,50.0,0.0,0.0
187,multiple,"[[17, 12, 6], [33, 23, 8], [23, 40, 4], [26, 46, 18]]",1.0,1150,59,ehp CI,74.0,113.0,39.0,False,True,1.3310000067576766,0.78,0.6481481481481481,35.0,19.0,9.5
187,multiple,"[[17, 12, 6], [33, 23, 8], [23, 40, 4], [26, 46, 18]]",1.0,1150,59,Established CI #1,61.778711857777154,122.11490441740624,60.33619255962908,False,True,0.3195999888703227,1.2067238511925817,0.7481796665638276,47.221288142222846,15.89361627518339,7.946808137591688
187,multiple,"[[17, 12, 6], [33, 23, 8], [23, 40, 4], [26, 46, 18]]",1.0,1150,59,Established CI #2,59.0,1150.0,1091.0,True,True,0.1588999293744564,21.82,0.045829514207149404,50.0,1041.0,520.5
188,multiple,"[[48, 22, 4], [9, 43, 3], [22, 15, 14]]",1.0,1320,66,Simulation (reference),119.0,513.0,394.0,False,True,1425.1494000200182,1.0,1.0,394.0,0.0,0.0
188,multiple,"[[48, 22, 4], [9, 43, 3], [22, 15, 14]]",1.0,1320,66,ehp CI,84.0,153.0,69.0,False,True,1.233499962836504,0.1751269035532995,0.07925407925407925,34.0,395.0,197.5
188,multiple,"[[48, 22, 4], [9, 43, 3], [22, 15, 14]]",1.0,1320,66,Established CI #1,66.0,136.39163447502605,70.39163447502605,True,True,0.32570003531873226,0.17865897074879708,0.038907459675673495,17.391634475026052,429.6083655249739,214.80418276248696
188,multiple,"[[48, 22, 4], [9, 43, 3], [22, 15, 14]]",1.0,1320,66,Established CI #2,66.0,1320.0,1254.0,True,True,0.17200002912431955,3.182741116751269,0.3141945773524721,394.0,860.0,377.0
189,multiple,"[[38, 33, 3], [38, 15, 4], [47, 37, 24]]",1.0,2090,68,Simulation (reference),109.0,1004.0,895.0,False,True,2186.479300027713,1.0,1.0,895.0,0.0,0.0
189,multiple,"[[38, 33, 3], [38, 15, 4], [47, 37, 24]]",1.0,2090,68,ehp CI,92.0,150.0,58.0,False,True,1.760499901138246,0.06480446927374302,0.044956140350877194,41.0,871.0,435.5
189,multiple,"[[38, 33, 3], [38, 15, 4], [47, 37, 24]]",1.0,2090,68,Established CI #1,80.97354517775406,169.15922139131334,88.18567621355928,False,True,0.5300999619066715,0.09853148180285953,0.06517605327238281,60.15922139131334,862.8672334309325,431.4336167154663
189,multiple,"[[38, 33, 3], [38, 15, 4], [47, 37, 24]]",1.0,2090,68,Established CI #2,68.0,2090.0,2022.0,True,True,0.18530001398175955,2.2592178770949722,0.4426310583580613,895.0,1127.0,522.5
190,multiple,"[[45, 41, 16], [19, 19, 4]]",1.0,1000,70,Simulation (reference),88.0,159.0,71.0,False,True,647.1147000556812,1.0,1.0,71.0,0.0,0.0
190,multiple,"[[45, 41, 16], [19, 19, 4]]",1.0,1000,70,ehp CI,88.0,159.0,71.0,False,True,0.7724999450147152,1.0,1.0,71.0,0.0,0.0
190,multiple,"[[45, 41, 16], [19, 19, 4]]",1.0,1000,70,Established CI #1,71.4184476423731,180.5751617372009,109.15671409482779,False,True,0.31669996678829193,1.5374185083778562,0.6504409791808144,71.0,38.15671409482779,2.496804689786984
190,multiple,"[[45, 41, 16], [19, 19, 4]]",1.0,1000,70,Established CI #2,,,,False,False,0.011100084520876408,,,,,
191,multiple,"[[49, 43, 18], [40, 21, 5], [32, 47, 15], [39, 26, 16]]",1.0,1000,74,Simulation (reference),83.0,122.0,39.0,False,True,1195.4200000036508,1.0,1.0,39.0,0.0,0.0
191,multiple,"[[49, 43, 18], [40, 21, 5], [32, 47, 15], [39, 26, 16]]",1.0,1000,74,ehp CI,90.0,124.0,34.0,False,True,1.1879000812768936,0.8717948717948718,0.7804878048780488,32.0,9.0,4.5
191,multiple,"[[49, 43, 18], [40, 21, 5], [32, 47, 15], [39, 26, 16]]",1.0,1000,74,Established CI #1,77.56362352417104,134.71719578844943,57.153572264278395,False,True,0.3285999409854412,1.4654762119045743,0.6823720452619096,39.0,18.153572264278395,3.6404096563102257
191,multiple,"[[49, 43, 18], [40, 21, 5], [32, 47, 15], [39, 26, 16]]",1.0,1000,74,Established CI #2,74.0,1000.0,926.0,True,True,0.16119994688779116,23.743589743589745,0.042116630669546434,39.0,887.0,434.5
192,multiple,"[[34, 49, 4], [13, 49, 9]]",1.0,2083,79,Simulation (reference),151.0,1457.0,1306.0,False,True,1462.8138000844046,1.0,1.0,1306.0,0.0,0.0
192,multiple,"[[34, 49, 4], [13, 49, 9]]",1.0,2083,79,ehp CI,129.0,327.0,198.0,False,True,1.4122000429779291,0.15160796324655437,0.13253012048192772,176.0,1152.0,576.0
192,multiple,"[[34, 49, 4], [13, 49, 9]]",1.0,2083,79,Established CI #1,103.59689537147636,332.70959357105124,229.11269819957488,False,True,0.3401999128982425,0.17543085620181845,0.13426125073130088,181.70959357105124,1171.6935110574723,585.8467555287361
192,multiple,"[[34, 49, 4], [13, 49, 9]]",1.0,2083,79,Established CI #2,,,,False,False,0.01109996810555458,,,,,
193,multiple,"[[49, 28, 27], [20, 25, 10]]",1.0,1000,50,Simulation (reference),50.0,56.0,6.0,False,True,639.0628999797627,1.0,1.0,6.0,0.0,0.0
193,multiple,"[[49, 28, 27], [20, 25, 10]]",1.0,1000,50,ehp CI,50.0,55.0,5.0,False,True,0.749099999666214,0.8333333333333334,0.8333333333333334,5.0,1.0,0.5
193,multiple,"[[49, 28, 27], [20, 25, 10]]",1.0,1000,50,Established CI #1,50.0,71.85790219482713,21.857902194827133,True,True,0.32160000409930944,3.6429836991378557,0.2745002675242985,6.0,15.857902194827133,7.928951097413567
193,multiple,"[[49, 28, 27], [20, 25, 10]]",1.0,1000,50,Established CI #2,,,,False,False,0.01170008908957243,,,,,
194,multiple,"[[40, 29, 12], [18, 16, 15], [33, 25, 15], [29, 49, 5]]",1.0,1421,73,Simulation (reference),100.0,212.0,112.0,False,True,1947.8031999897212,1.0,1.0,112.0,0.0,0.0
194,multiple,"[[40, 29, 12], [18, 16, 15], [33, 25, 15], [29, 49, 5]]",1.0,1421,73,ehp CI,86.0,121.0,35.0,False,True,1.5484000323340297,0.3125,0.16666666666666666,21.0,105.0,52.5
194,multiple,"[[40, 29, 12], [18, 16, 15], [33, 25, 15], [29, 49, 5]]",1.0,1421,73,Established CI #1,73.0,106.96756682343803,33.967566823438034,True,True,0.3239000216126442,0.3032818466378396,0.05012638002473406,6.967566823438034,132.03243317656197,66.01621658828098
194,multiple,"[[40, 29, 12], [18, 16, 15], [33, 25, 15], [29, 49, 5]]",1.0,1421,73,Established CI #2,73.0,1421.0,1348.0,True,True,0.15590002294629812,12.035714285714286,0.0830860534124629,112.0,1236.0,591.0
195,multiple,"[[41, 45, 29], [14, 42, 13]]",1.0,1000,57,Simulation (reference),58.0,69.0,11.0,False,True,618.7946000136435,1.0,1.0,11.0,0.0,0.0
195,multiple,"[[41, 45, 29], [14, 42, 13]]",1.0,1000,57,ehp CI,57.0,68.0,11.0,False,True,1.4354001032188535,1.0,0.8333333333333334,10.0,2.0,1.0
195,multiple,"[[41, 45, 29], [14, 42, 13]]",1.0,1000,57,Established CI #1,57.0,80.37686081689856,23.376860816898557,True,True,0.3766999579966068,2.125169165172596,0.4705507760925869,11.0,12.376860816898557,5.188430408449278
195,multiple,"[[41, 45, 29], [14, 42, 13]]",1.0,1000,57,Established CI #2,,,,False,False,0.013699987903237343,,,,,
196,multiple,"[[24, 15, 11], [45, 50, 17], [34, 39, 10]]",1.0,1000,78,Simulation (reference),105.0,174.0,69.0,False,True,942.7472999086604,1.0,1.0,69.0,0.0,0.0
196,multiple,"[[24, 15, 11], [45, 50, 17], [34, 39, 10]]",1.0,1000,78,ehp CI,96.0,144.0,48.0,False,True,0.9794000070542097,0.6956521739130435,0.5,39.0,39.0,19.5
196,multiple,"[[24, 15, 11], [45, 50, 17], [34, 39, 10]]",1.0,1000,78,Established CI #1,78.0,146.36833799766072,68.36833799766072,True,True,0.3130999393761158,0.9908454782269669,0.4309201874756325,41.36833799766072,54.63166200233928,27.31583100116964
196,multiple,"[[24, 15, 11], [45, 50, 17], [34, 39, 10]]",1.0,1000,78,Established CI #2,78.0,1000.0,922.0,True,True,0.15410000924021006,13.36231884057971,0.07483731019522777,69.0,853.0,399.5
197,multiple,"[[22, 34, 2], [8, 48, 5]]",1.0,1870,54,Simulation (reference),54.0,387.0,333.0,False,True,1431.1909000389278,1.0,1.0,333.0,0.0,0.0
197,multiple,"[[22, 34, 2], [8, 48, 5]]",1.0,1870,54,ehp CI,92.0,392.0,300.0,False,True,1.550300046801567,0.9009009009009009,0.8727810650887574,295.0,43.0,21.5
197,multiple,"[[22, 34, 2], [8, 48, 5]]",1.0,1870,54,Established CI #1,78.48751855053781,402.2224493704447,323.7349308199069,False,True,0.36509998608380556,0.9721769694291498,0.8859637912697054,308.5124814494622,39.70996792098249,19.85498396049124
197,multiple,"[[22, 34, 2], [8, 48, 5]]",1.0,1870,54,Established CI #2,,,,False,False,0.012499978765845299,,,,,
198,multiple,"[[42, 33, 2], [44, 43, 22]]",1.0,3465,73,Simulation (reference),73.0,160.0,87.0,False,True,2482.9310999484733,1.0,1.0,87.0,0.0,0.0
198,multiple,"[[42, 33, 2], [44, 43, 22]]",1.0,3465,73,ehp CI,106.0,191.0,85.0,False,True,2.392200054600835,0.9770114942528736,0.4576271186440678,54.0,64.0,32.0
198,multiple,"[[42, 33, 2], [44, 43, 22]]",1.0,3465,73,Established CI #1,91.79476453106705,213.17201654786982,121.37725201680277,False,True,0.31999999191612005,1.3951408277793422,0.48658239460827296,68.20523546893295,71.96678107893686,35.98339053946842
198,multiple,"[[42, 33, 2], [44, 43, 22]]",1.0,3465,73,Established CI #2,,,,False,False,0.009900075383484364,,,,,
199,multiple,"[[29, 35, 10], [47, 45, 39]]",1.0,1000,54,Simulation (reference),59.0,63.0,4.0,False,True,597.5301000289619,1.0,1.0,4.0,0.0,0.0
199,multiple,"[[29, 35, 10], [47, 45, 39]]",1.0,1000,54,ehp CI,56.0,67.0,11.0,False,True,0.7680000271648169,2.75,0.36363636363636365,4.0,7.0,0.5
199,multiple,"[[29, 35, 10], [47, 45, 39]]",1.0,1000,54,Established CI #1,54.0,86.34370869362587,32.34370869362587,True,True,0.41989993769675493,8.085927173406468,0.1236716555262662,4.0,28.34370869362587,9.171854346812935
199,multiple,"[[29, 35, 10], [47, 45, 39]]",1.0,1000,54,Established CI #2,,,,False,False,0.011499971151351929,,,,,
200,heterogeneity,"[[86, 177, 54]]",0.7451860825737591,1410,209,Simulation (reference),239.0,300.0,61.0,False,True,175.92940002214164,1.0,1.0,61.0,0.0,0.0
200,heterogeneity,"[[86, 177, 54]]",0.7451860825737591,1410,209,ehp CI,239.0,300.0,61.0,False,True,15.8000000519678,1.0,1.0,61.0,0.0,0.0
200,heterogeneity,"[[86, 177, 54]]",0.7451860825737591,1410,209,Established CI #1,269.8901325908888,370.5635711128149,100.67343852192607,False,True,0.2261999761685729,1.6503842380643619,0.22886173698714957,30.10986740911119,101.4537037037037,50.72685185185185
200,heterogeneity,"[[86, 177, 54]]",0.7451860825737591,1410,209,Established CI #2,239.0,298.0,59.0,False,True,964.9376000743359,0.9672131147540983,0.9672131147540983,59.0,2.0,1.0
201,heterogeneity,"[[19, 96, 3]]",1.0914329983916375,3040,112,Simulation (reference),270.0,2539.0,2269.0,False,True,524.9421000480652,1.0,1.0,2269.0,0.0,0.0
201,heterogeneity,"[[19, 96, 3]]",1.0914329983916375,3040,112,ehp CI,283.0,2548.0,2265.0,False,True,12.724400032311678,0.998237108858528,0.990342405618964,2256.0,22.0,11.0
201,heterogeneity,"[[19, 96, 3]]",1.0914329983916375,3040,112,Established CI #1,112.0,2284.118931387068,2172.118931387068,False,True,0.2874999772757292,0.95730230559148,0.829880070616839,2014.1189313870682,412.8810686129318,206.4405343064659
201,heterogeneity,"[[19, 96, 3]]",1.0914329983916375,3040,112,Established CI #2,287.0,2467.0,2180.0,False,True,638.613700051792,0.9607756721022477,0.9607756721022477,2180.0,89.0,27.5
202,heterogeneity,"[[70, 179, 27]]",0.8011579998526878,2321,222,Simulation (reference),331.0,556.0,225.0,False,True,307.17790010385215,1.0,1.0,225.0,0.0,0.0
202,heterogeneity,"[[70, 179, 27]]",0.8011579998526878,2321,222,ehp CI,333.0,557.0,224.0,False,True,19.571500015445054,0.9955555555555555,0.9867256637168141,223.0,3.0,1.5
202,heterogeneity,"[[70, 179, 27]]",0.8011579998526878,2321,222,Established CI #1,404.5026379071959,743.6640287594706,339.16139085227474,False,True,0.21189998369663954,1.5073839593434433,0.36712034859987114,151.4973620928041,261.1666666666665,130.58333333333326
202,heterogeneity,"[[70, 179, 27]]",0.8011579998526878,2321,222,Established CI #2,336.0,550.0,214.0,False,True,1656.15119994618,0.9511111111111111,0.9511111111111111,214.0,11.0,0.5
203,heterogeneity,"[[39, 195, 31]]",0.6062706012251988,1227,203,Simulation (reference),211.0,260.0,49.0,False,True,193.8513999339193,1.0,1.0,49.0,0.0,0.0
203,heterogeneity,"[[39, 195, 31]]",0.6062706012251988,1227,203,ehp CI,211.0,260.0,49.0,False,True,6.540900096297264,1.0,1.0,49.0,0.0,0.0
203,heterogeneity,"[[39, 195, 31]]",0.6062706012251988,1227,203,Established CI #1,327.3217913128942,555.8394990096865,228.51770769679229,False,True,0.19509997218847275,4.663626687689638,0.0,0.0,412.1612903225807,206.08064516129036
203,heterogeneity,"[[39, 195, 31]]",0.6062706012251988,1227,203,Established CI #2,212.0,259.0,47.0,False,True,612.5908000394702,0.9591836734693877,0.9591836734693877,47.0,2.0,0.0
204,heterogeneity,"[[174, 154, 117]]",1.8514060048215266,1146,211,Simulation (reference),228.0,266.0,38.0,False,True,173.6483999993652,1.0,1.0,38.0,0.0,0.0
204,heterogeneity,"[[174, 154, 117]]",1.8514060048215266,1146,211,ehp CI,228.0,267.0,39.0,False,True,22.60190004017204,1.0263157894736843,0.9743589743589743,38.0,1.0,0.5
204,heterogeneity,"[[174, 154, 117]]",1.8514060048215266,1146,211,Established CI #1,217.94290730518674,241.81777645549704,23.874869150310303,False,True,0.22249994799494743,0.6282860302713238,0.28752834765196633,13.81777645549704,34.239316239316224,17.119658119658112
204,heterogeneity,"[[174, 154, 117]]",1.8514060048215266,1146,211,Established CI #2,229.0,266.0,37.0,False,True,1407.287499983795,0.9736842105263158,0.9736842105263158,37.0,1.0,0.5
205,heterogeneity,"[[48, 59, 23]]",1.5910440410672577,1000,84,Simulation (reference),112.0,211.0,99.0,False,True,144.08700005151331,1.0,1.0,99.0,0.0,0.0
205,heterogeneity,"[[48, 59, 23]]",1.5910440410672577,1000,84,ehp CI,112.0,210.0,98.0,False,True,6.65700004901737,0.98989898989899,0.98989898989899,98.0,1.0,0.5
205,heterogeneity,"[[48, 59, 23]]",1.5910440410672577,1000,84,Established CI #1,95.45153041533092,153.43977393249517,57.98824351716425,False,True,0.18919992726296186,0.5857398335067096,0.35863542010939264,41.43977393249517,74.1086956521739,37.05434782608695
205,heterogeneity,"[[48, 59, 23]]",1.5910440410672577,1000,84,Established CI #2,114.0,206.0,92.0,False,True,479.0540999965742,0.9292929292929293,0.9292929292929293,92.0,7.0,1.5
206,heterogeneity,"[[167, 144, 91]]",1.042478250820282,1322,220,Simulation (reference),246.0,293.0,47.0,False,True,182.30420001782477,1.0,1.0,47.0,0.0,0.0
206,heterogeneity,"[[167, 144, 91]]",1.042478250820282,1322,220,ehp CI,246.0,293.0,47.0,False,True,25.64990008249879,1.0,1.0,47.0,0.0,0.0
206,heterogeneity,"[[167, 144, 91]]",1.042478250820282,1322,220,Established CI #1,243.07183558156248,288.3622303525035,45.29039477094102,False,True,0.32079999800771475,0.9636254206583196,0.8484636045794614,42.3622303525035,7.565934065934016,3.782967032967008
206,heterogeneity,"[[167, 144, 91]]",1.042478250820282,1322,220,Established CI #2,247.0,292.0,45.0,False,True,1456.3218998955563,0.9574468085106383,0.9574468085106383,45.0,2.0,0.0
207,heterogeneity,"[[93, 152, 54]]",1.385533645978895,1309,191,Simulation (reference),248.0,349.0,101.0,False,True,161.1485000466928,1.0,1.0,101.0,0.0,0.0
207,heterogeneity,"[[93, 152, 54]]",1.385533645978895,1309,191,ehp CI,248.0,350.0,102.0,False,True,16.264500096440315,1.00990099009901,0.9901960784313726,101.0,1.0,0.5
207,heterogeneity,"[[93, 152, 54]]",1.385533645978895,1309,191,Established CI #1,236.44737643599126,319.3396606010458,82.89228416505455,False,True,0.23840006906539202,0.8207156848025203,0.6338338311632061,71.33966060104581,41.21296296296293,20.606481481481467
207,heterogeneity,"[[93, 152, 54]]",1.385533645978895,1309,191,Established CI #2,249.0,349.0,100.0,False,True,946.8678999692202,0.9900990099009901,0.9900990099009901,100.0,1.0,0.5
208,heterogeneity,"[[142, 173, 44]]",1.195322648219671,2792,271,Simulation (reference),499.0,794.0,295.0,False,True,375.62599999364465,1.0,1.0,295.0,0.0,0.0
208,heterogeneity,"[[142, 173, 44]]",1.195322648219671,2792,271,ehp CI,496.0,794.0,298.0,False,True,47.318800003267825,1.0101694915254238,0.9899328859060402,295.0,3.0,1.5
208,heterogeneity,"[[142, 173, 44]]",1.195322648219671,2792,271,Established CI #1,443.73301658374453,683.8238015980735,240.09078501432896,False,True,0.19320007413625717,0.8138670678451829,0.5276654961750415,184.8238015980735,165.44318181818198,82.72159090909099
208,heterogeneity,"[[142, 173, 44]]",1.195322648219671,2792,271,Established CI #2,499.0,788.0,289.0,False,True,3215.0012999773026,0.9796610169491525,0.9796610169491525,289.0,6.0,3.0
209,heterogeneity,"[[67, 77, 21]]",0.7179875866842866,1229,123,Simulation (reference),169.0,290.0,121.0,False,True,157.14859997387975,1.0,1.0,121.0,0.0,0.0
209,heterogeneity,"[[67, 77, 21]]",0.7179875866842866,1229,123,ehp CI,168.0,290.0,122.0,False,True,10.99360000807792,1.0082644628099173,0.9918032786885246,121.0,1.0,0.5
209,heterogeneity,"[[67, 77, 21]]",0.7179875866842866,1229,123,Established CI #1,172.0708817558131,321.6434039584726,149.5725222026595,False,True,0.1970999874174595,1.2361365471294175,0.7725791956019933,117.9291182441869,34.71428571428572,17.35714285714286
209,heterogeneity,"[[67, 77, 21]]",0.7179875866842866,1229,123,Established CI #2,170.0,284.0,114.0,False,True,687.3439999762923,0.9421487603305785,0.9421487603305785,114.0,7.0,2.5
210,heterogeneity,"[[167, 109, 72]]",1.6423013821180574,1265,204,Simulation (reference),250.0,333.0,83.0,False,True,159.23970006406307,1.0,1.0,83.0,0.0,0.0
210,heterogeneity,"[[167, 109, 72]]",1.6423013821180574,1265,204,ehp CI,251.0,333.0,82.0,False,True,18.135300022549927,0.9879518072289156,0.9879518072289156,82.0,1.0,0.5
210,heterogeneity,"[[167, 109, 72]]",1.6423013821180574,1265,204,Established CI #1,235.2805277032943,293.7194722967057,58.43894459341141,False,True,0.18540001474320889,0.7040836698001375,0.4473977526603934,43.7194722967057,54.0,27.0
210,heterogeneity,"[[167, 109, 72]]",1.6423013821180574,1265,204,Established CI #2,251.0,332.0,81.0,False,True,1022.6954999379814,0.9759036144578314,0.9759036144578314,81.0,2.0,0.0
211,heterogeneity,"[[161, 108, 33]]",0.5256146112152116,2635,236,Simulation (reference),328.0,484.0,156.0,False,True,345.35029996186495,1.0,1.0,156.0,0.0,0.0
211,heterogeneity,"[[161, 108, 33]]",0.5256146112152116,2635,236,ehp CI,329.0,484.0,155.0,False,True,32.68170007504523,0.9935897435897436,0.9935897435897436,155.0,1.0,0.5
211,heterogeneity,"[[161, 108, 33]]",0.5256146112152116,2635,236,Established CI #1,407.04439077782956,689.3343971009584,282.29000632312886,False,True,0.2012000186368823,1.8095513225841593,0.2129761512869994,76.95560922217044,284.378787878788,142.189393939394
211,heterogeneity,"[[161, 108, 33]]",0.5256146112152116,2635,236,Established CI #2,330.0,480.0,150.0,False,True,2353.927099960856,0.9615384615384616,0.9615384615384616,150.0,6.0,1.0
212,heterogeneity,"[[50, 164, 23]]",0.6262744991760952,1783,191,Simulation (reference),244.0,385.0,141.0,False,True,224.92690000217408,1.0,1.0,141.0,0.0,0.0
212,heterogeneity,"[[50, 164, 23]]",0.6262744991760952,1783,191,ehp CI,244.0,385.0,141.0,False,True,10.993300005793571,1.0,1.0,141.0,0.0,0.0
212,heterogeneity,"[[50, 164, 23]]",0.6262744991760952,1783,191,Established CI #1,338.0772822877244,657.48793510358,319.41065281585554,False,True,0.21759991068392992,2.265323778835855,0.1134802583792954,46.922717712275585,366.5652173913044,183.2826086956522
212,heterogeneity,"[[50, 164, 23]]",0.6262744991760952,1783,191,Established CI #2,246.0,379.0,133.0,False,True,760.295599931851,0.9432624113475178,0.9432624113475178,133.0,8.0,2.0
213,heterogeneity,"[[110, 134, 21]]",0.6481707283696483,3510,223,Simulation (reference),409.0,775.0,366.0,False,True,471.7425999697298,1.0,1.0,366.0,0.0,0.0
213,heterogeneity,"[[110, 134, 21]]",0.6481707283696483,3510,223,ehp CI,404.0,770.0,366.0,False,True,46.881900052540004,1.0,0.9730458221024259,361.0,10.0,5.0
213,heterogeneity,"[[110, 134, 21]]",0.6481707283696483,3510,223,Established CI #1,457.80430419257334,959.7195053312363,501.91520113866295,False,True,0.20330003462731838,1.3713530085755818,0.575965973125731,317.19569580742666,233.52380952380963,116.76190476190482
213,heterogeneity,"[[110, 134, 21]]",0.6481707283696483,3510,223,Established CI #2,409.0,754.0,345.0,False,True,3292.4963000696152,0.9426229508196722,0.9426229508196722,345.0,21.0,10.5
214,heterogeneity,"[[118, 103, 48]]",1.3547559388175823,1267,173,Simulation (reference),237.0,350.0,113.0,False,True,157.58100000675768,1.0,1.0,113.0,0.0,0.0
214,heterogeneity,"[[118, 103, 48]]",1.3547559388175823,1267,173,ehp CI,237.0,349.0,112.0,False,True,17.174500040709972,0.9911504424778761,0.9911504424778761,112.0,1.0,0.5
214,heterogeneity,"[[118, 103, 48]]",1.3547559388175823,1267,173,Established CI #1,213.67701054185645,295.0834061248102,81.40639558295376,False,True,0.20220002625137568,0.7204105803801218,0.42607198063716223,58.08340612481021,78.23958333333334,39.119791666666686
214,heterogeneity,"[[118, 103, 48]]",1.3547559388175823,1267,173,Established CI #2,238.0,347.0,109.0,False,True,1013.2567000109702,0.9646017699115044,0.9646017699115044,109.0,4.0,1.0
215,heterogeneity,"[[151, 181, 136]]",1.698785358934362,1005,196,Simulation (reference),198.0,213.0,15.0,False,True,120.4651000443846,1.0,1.0,15.0,0.0,0.0
215,heterogeneity,"[[151, 181, 136]]",1.698785358934362,1005,196,ehp CI,198.0,213.0,15.0,False,True,18.448199960403144,1.0,1.0,15.0,0.0,0.0
215,heterogeneity,"[[151, 181, 136]]",1.698785358934362,1005,196,Established CI #1,196.46348297651144,208.77181114113563,12.308328164624186,False,True,0.19419996533542871,0.8205552109749458,0.6513954012102604,10.771811141135629,5.764705882352928,2.882352941176464
215,heterogeneity,"[[151, 181, 136]]",1.698785358934362,1005,196,Established CI #2,198.0,213.0,15.0,False,True,1012.5211999984458,1.0,1.0,15.0,0.0,0.0
216,heterogeneity,"[[182, 97, 90]]",1.08768126928725,1000,189,Simulation (reference),191.0,208.0,17.0,False,True,122.64710001181811,1.0,1.0,17.0,0.0,0.0
216,heterogeneity,"[[182, 97, 90]]",1.08768126928725,1000,189,ehp CI,190.0,207.0,17.0,False,True,12.267899932339787,1.0,0.8888888888888888,16.0,2.0,1.0
216,heterogeneity,"[[182, 97, 90]]",1.08768126928725,1000,189,Established CI #1,200.37374204881084,232.07625795118915,31.70251590237831,False,True,0.1957999775186181,1.8648538766104887,0.18566097136334644,7.62625795118916,33.44999999999999,16.724999999999994
216,heterogeneity,"[[182, 97, 90]]",1.08768126928725,1000,189,Established CI #2,191.0,207.0,16.0,False,True,682.2089999914169,0.9411764705882353,0.9411764705882353,16.0,1.0,0.5
217,heterogeneity,"[[157, 197, 106]]",0.7674531542744129,1459,248,Simulation (reference),265.0,300.0,35.0,False,True,183.5597000317648,1.0,1.0,35.0,0.0,0.0
217,heterogeneity,"[[157, 197, 106]]",0.7674531542744129,1459,248,ehp CI,266.0,301.0,35.0,False,True,26.979200076311827,1.0,0.9444444444444444,34.0,2.0,1.0
217,heterogeneity,"[[157, 197, 106]]",0.7674531542744129,1459,248,Established CI #1,272.98715728574365,318.1260502614262,45.13889297568255,False,True,0.1876000314950943,1.289682656448073,0.5084669871245794,27.01284271425635,26.11320754716985,13.056603773584925
217,heterogeneity,"[[157, 197, 106]]",0.7674531542744129,1459,248,Established CI #2,267.0,301.0,34.0,False,True,1708.665700047277,0.9714285714285714,0.9166666666666666,33.0,3.0,1.5
218,heterogeneity,"[[47, 174, 11]]",1.3866971549945684,3718,210,Simulation (reference),568.0,1880.0,1312.0,False,True,497.5515000987798,1.0,1.0,1312.0,0.0,0.0
218,heterogeneity,"[[47, 174, 11]]",1.3866971549945684,3718,210,ehp CI,566.0,1887.0,1321.0,False,True,21.022900007665157,1.006859756097561,0.9931869795609387,1312.0,9.0,2.5
218,heterogeneity,"[[47, 174, 11]]",1.3866971549945684,3718,210,Established CI #1,519.3533959451181,1700.6920586003364,1181.3386626552183,False,True,0.2460998948663473,0.9004105660481847,0.8324660166899951,1132.6920586003364,227.9545454545455,113.97727272727275
218,heterogeneity,"[[47, 174, 11]]",1.3866971549945684,3718,210,Established CI #2,589.0,1759.0,1170.0,False,True,1585.499499924481,0.8917682926829268,0.8917682926829268,1170.0,142.0,50.0
219,heterogeneity,"[[183, 122, 77]]",1.4787973153889806,1450,228,Simulation (reference),280.0,368.0,88.0,False,True,180.1765999989584,1.0,1.0,88.0,0.0,0.0
219,heterogeneity,"[[183, 122, 77]]",1.4787973153889806,1450,228,ehp CI,283.0,371.0,88.0,False,True,21.204099990427494,1.0,0.9340659340659341,85.0,6.0,3.0
219,heterogeneity,"[[183, 122, 77]]",1.4787973153889806,1450,228,Established CI #1,268.6305795511496,335.427862007292,66.7972824561424,False,True,0.22010004613548517,0.759060027910709,0.5577959673803575,55.42786200729199,43.94155844155841,21.970779220779207
219,heterogeneity,"[[183, 122, 77]]",1.4787973153889806,1450,228,Established CI #2,284.0,370.0,86.0,False,True,1317.6550000207499,0.9772727272727273,0.9333333333333333,84.0,6.0,3.0
220,heterogeneity,"[[192, 42, 29]]",1.7679491849655866,1391,205,Simulation (reference),264.0,462.0,198.0,False,True,168.89430000446737,1.0,1.0,198.0,0.0,0.0
220,heterogeneity,"[[192, 42, 29]]",1.7679491849655866,1391,205,ehp CI,264.0,462.0,198.0,False,True,6.935699959285557,1.0,1.0,198.0,0.0,0.0
220,heterogeneity,"[[192, 42, 29]]",1.7679491849655866,1391,205,Established CI #1,342.8174904476697,601.2514750695717,258.433984621902,False,True,0.17369992565363646,1.3052221445550607,0.3533935901325387,119.18250955233032,218.0689655172414,109.0344827586207
220,heterogeneity,"[[192, 42, 29]]",1.7679491849655866,1391,205,Established CI #2,266.0,455.0,189.0,False,True,475.4839999368414,0.9545454545454546,0.9545454545454546,189.0,9.0,2.5
221,heterogeneity,"[[179, 194, 66]]",0.7041046364720878,2631,307,Simulation (reference),410.0,531.0,121.0,False,True,351.6275000292808,1.0,1.0,121.0,0.0,0.0
221,heterogeneity,"[[179, 194, 66]]",0.7041046364720878,2631,307,ehp CI,410.0,532.0,122.0,False,True,52.29569994844496,1.0082644628099173,0.9918032786885246,121.0,1.0,0.5
221,heterogeneity,"[[179, 194, 66]]",0.7041046364720878,2631,307,Established CI #1,444.8555842881876,609.1519914693881,164.29640718120055,False,True,0.19630009774118662,1.3578215469520707,0.4325561350213954,86.14441571181243,113.0075757575757,56.503787878787875
221,heterogeneity,"[[179, 194, 66]]",0.7041046364720878,2631,307,Established CI #2,411.0,530.0,119.0,False,True,4109.557499992661,0.9834710743801653,0.9834710743801653,119.0,2.0,0.0
222,heterogeneity,"[[162, 98, 38]]",0.8542876398103092,2089,222,Simulation (reference),324.0,490.0,166.0,False,True,296.1479000514373,1.0,1.0,166.0,0.0,0.0
222,heterogeneity,"[[162, 98, 38]]",0.8542876398103092,2089,222,ehp CI,324.0,491.0,167.0,False,True,27.790699969045818,1.0060240963855422,0.9940119760479041,166.0,1.0,0.5
222,heterogeneity,"[[162, 98, 38]]",0.8542876398103092,2089,222,Established CI #1,344.66684764397615,544.8068365665501,200.139988922574,False,True,0.2068999456241727,1.2056625838709276,0.6581913613540725,145.33315235602385,75.4736842105263,37.73684210526312
222,heterogeneity,"[[162, 98, 38]]",0.8542876398103092,2089,222,Established CI #2,326.0,487.0,161.0,False,True,1769.7263000300154,0.9698795180722891,0.9698795180722891,161.0,5.0,0.5
223,heterogeneity,"[[190, 70, 55]]",1.0835460620257376,1210,205,Simulation (reference),223.0,279.0,56.0,False,True,142.58739992510527,1.0,1.0,56.0,0.0,0.0
223,heterogeneity,"[[190, 70, 55]]",1.0835460620257376,1210,205,ehp CI,223.0,279.0,56.0,False,True,10.320600005798042,1.0,1.0,56.0,0.0,0.0
223,heterogeneity,"[[190, 70, 55]]",1.0835460620257376,1210,205,Established CI #1,260.4228268149248,354.1226277305297,93.6998009156049,False,True,0.17180002760142088,1.6732107306358017,0.14167785916594938,18.577173185075196,112.5454545454545,56.27272727272725
223,heterogeneity,"[[190, 70, 55]]",1.0835460620257376,1210,205,Established CI #2,224.0,278.0,54.0,False,True,635.5321999872103,0.9642857142857143,0.9642857142857143,54.0,2.0,0.0
224,heterogeneity,"[[125, 84, 51]]",1.37170392062053,1030,158,Simulation (reference),192.0,269.0,77.0,False,True,125.9570000693202,1.0,1.0,77.0,0.0,0.0
224,heterogeneity,"[[125, 84, 51]]",1.37170392062053,1030,158,ehp CI,194.0,270.0,76.0,False,True,12.876000022515655,0.987012987012987,0.9615384615384616,75.0,3.0,1.5
224,heterogeneity,"[[125, 84, 51]]",1.37170392062053,1030,158,Established CI #1,184.03665652320322,244.20844151601247,60.17178499280925,False,True,0.2055000513792038,0.7814517531533669,0.6144819563306195,52.20844151601247,32.75490196078431,16.377450980392155
224,heterogeneity,"[[125, 84, 51]]",1.37170392062053,1030,158,Established CI #2,194.0,268.0,74.0,False,True,657.0607000030577,0.961038961038961,0.961038961038961,74.0,3.0,0.5
225,heterogeneity,"[[103, 184, 83]]",1.4155295938326364,1142,204,Simulation (reference),221.0,265.0,44.0,False,True,135.22179995197803,1.0,1.0,44.0,0.0,0.0
225,heterogeneity,"[[103, 184, 83]]",1.4155295938326364,1142,204,ehp CI,221.0,265.0,44.0,False,True,14.132499927654862,1.0,1.0,44.0,0.0,0.0
225,heterogeneity,"[[103, 184, 83]]",1.4155295938326364,1142,204,Established CI #1,225.5965111689064,270.60228401181644,45.005772842910034,False,True,0.21249998826533556,1.0228584737025008,0.7943885975433461,39.4034888310936,10.19879518072284,5.099397590361434
225,heterogeneity,"[[103, 184, 83]]",1.4155295938326364,1142,204,Established CI #2,221.0,264.0,43.0,False,True,845.1807000674307,0.9772727272727273,0.9772727272727273,43.0,1.0,0.5
226,heterogeneity,"[[92, 192, 65]]",1.0362770601784563,1359,219,Simulation (reference),247.0,310.0,63.0,False,True,166.27120005432516,1.0,1.0,63.0,0.0,0.0
226,heterogeneity,"[[92, 192, 65]]",1.0362770601784563,1359,219,ehp CI,248.0,310.0,62.0,False,True,15.143300057388842,0.9841269841269841,0.9841269841269841,62.0,1.0,0.5
226,heterogeneity,"[[92, 192, 65]]",1.0362770601784563,1359,219,Established CI #1,269.3216169159724,351.1091523147968,81.78753539882439,False,True,0.1962999813258648,1.2982148476003872,0.390728213414202,40.67838308402759,63.430769230769215,31.715384615384608
226,heterogeneity,"[[92, 192, 65]]",1.0362770601784563,1359,219,Established CI #2,249.0,309.0,60.0,False,True,940.5669999541715,0.9523809523809523,0.9523809523809523,60.0,3.0,0.5
227,heterogeneity,"[[158, 171, 139]]",1.151762163508328,1000,190,Simulation (reference),191.0,202.0,11.0,False,True,120.90139999054372,1.0,1.0,11.0,0.0,0.0
227,heterogeneity,"[[158, 171, 139]]",1.151762163508328,1000,190,ehp CI,191.0,201.0,10.0,False,True,19.759199931286275,0.9090909090909091,0.9090909090909091,10.0,1.0,0.5
227,heterogeneity,"[[158, 171, 139]]",1.151762163508328,1000,190,Established CI #1,190.0,199.6949174562411,9.694917456241086,False,True,0.20290003158152103,0.8813561323855533,0.7245764546867571,8.694917456241086,3.305082543758914,1.6525412718794428
227,heterogeneity,"[[158, 171, 139]]",1.151762163508328,1000,190,Established CI #2,191.0,201.0,10.0,False,True,1057.7104999683797,0.9090909090909091,0.9090909090909091,10.0,1.0,0.5
228,heterogeneity,"[[102, 73, 31]]",1.2598436368043988,1201,144,Simulation (reference),211.0,357.0,146.0,False,True,158.32049993332475,1.0,1.0,146.0,0.0,0.0
228,heterogeneity,"[[102, 73, 31]]",1.2598436368043988,1201,144,ehp CI,211.0,356.0,145.0,False,True,10.736900032497942,0.9931506849315068,0.9931506849315068,145.0,1.0,0.5
228,heterogeneity,"[[102, 73, 31]]",1.2598436368043988,1201,144,Established CI #1,190.83714527957866,303.1144676236471,112.27732234406844,False,True,0.18259999342262745,0.7690227557812906,0.5543625726618325,92.1144676236471,74.04838709677423,37.02419354838713
228,heterogeneity,"[[102, 73, 31]]",1.2598436368043988,1201,144,Established CI #2,213.0,351.0,138.0,False,True,697.1801999025047,0.9452054794520548,0.9452054794520548,138.0,8.0,2.0
229,heterogeneity,"[[66, 121, 50]]",1.9644149105237305,1000,137,Simulation (reference),157.0,221.0,64.0,False,True,121.32189993280917,1.0,1.0,64.0,0.0,0.0
229,heterogeneity,"[[66, 121, 50]]",1.9644149105237305,1000,137,ehp CI,157.0,221.0,64.0,False,True,10.10170008521527,1.0,1.0,64.0,0.0,0.0
229,heterogeneity,"[[66, 121, 50]]",1.9644149105237305,1000,137,Established CI #1,152.29773068165508,197.39226931834492,45.09453863668983,False,True,0.21600001491606236,0.7046021661982786,0.5879320977183405,40.392269318344916,28.310000000000002,14.155000000000001
229,heterogeneity,"[[66, 121, 50]]",1.9644149105237305,1000,137,Established CI #2,158.0,220.0,62.0,False,True,513.0937999347225,0.96875,0.96875,62.0,2.0,0.0
230,heterogeneity,"[[183, 177, 106]]",1.4783093687227777,1528,254,Simulation (reference),302.0,369.0,67.0,False,True,212.34470000490546,1.0,1.0,67.0,0.0,0.0
230,heterogeneity,"[[183, 177, 106]]",1.4783093687227777,1528,254,ehp CI,301.0,369.0,68.0,False,True,32.591699971817434,1.0149253731343284,0.9852941176470589,67.0,1.0,0.5
230,heterogeneity,"[[183, 177, 106]]",1.4783093687227777,1528,254,Established CI #1,281.73859592950623,329.5821587874749,47.843562857968664,False,True,0.229199999012053,0.7140830277308756,0.31608658010124113,27.582158787474896,59.67924528301887,29.839622641509436
230,heterogeneity,"[[183, 177, 106]]",1.4783093687227777,1528,254,Established CI #2,302.0,368.0,66.0,False,True,1948.377399938181,0.9850746268656716,0.9850746268656716,66.0,1.0,0.5
231,heterogeneity,"[[165, 99, 42]]",1.2597249879192804,1945,222,Simulation (reference),350.0,555.0,205.0,False,True,251.91330001689494,1.0,1.0,205.0,0.0,0.0
231,heterogeneity,"[[165, 99, 42]]",1.2597249879192804,1945,222,ehp CI,352.0,556.0,204.0,False,True,23.737799958325922,0.9951219512195122,0.9854368932038835,203.0,3.0,1.5
231,heterogeneity,"[[165, 99, 42]]",1.2597249879192804,1945,222,Established CI #1,329.31293756189024,500.40134815239554,171.0884105905053,False,True,0.20359992049634457,0.8345776126366112,0.666415462754495,150.40134815239554,75.28571428571422,37.64285714285711
231,heterogeneity,"[[165, 99, 42]]",1.2597249879192804,1945,222,Established CI #2,354.0,552.0,198.0,False,True,1548.4708999283612,0.9658536585365853,0.9658536585365853,198.0,7.0,0.5
232,heterogeneity,"[[39, 33, 25]]",0.8025245957452734,1000,47,Simulation (reference),47.0,57.0,10.0,False,True,130.33610000275075,1.0,1.0,10.0,0.0,0.0
232,heterogeneity,"[[39, 33, 25]]",0.8025245957452734,1000,47,ehp CI,47.0,58.0,11.0,False,True,4.861699999310076,1.1,0.9090909090909091,10.0,1.0,0.5
232,heterogeneity,"[[39, 33, 25]]",0.8025245957452734,1000,47,Established CI #1,47.0,58.049165903022896,11.049165903022896,False,True,0.18319999799132347,1.1049165903022895,0.90504569193446,10.0,1.049165903022896,0.524582951511448
232,heterogeneity,"[[39, 33, 25]]",0.8025245957452734,1000,47,Established CI #2,47.0,57.0,10.0,False,True,310.5975999496877,1.0,1.0,10.0,0.0,0.0
233,heterogeneity,"[[113, 100, 61]]",1.6858904149130278,1000,152,Simulation (reference),181.0,245.0,64.0,False,True,121.59549992065877,1.0,1.0,64.0,0.0,0.0
233,heterogeneity,"[[113, 100, 61]]",1.6858904149130278,1000,152,ehp CI,182.0,247.0,65.0,False,True,13.269499992020428,1.015625,0.9545454545454546,63.0,3.0,1.5
233,heterogeneity,"[[113, 100, 61]]",1.6858904149130278,1000,152,Established CI #1,166.00361166900348,205.87343751132437,39.86982584232089,False,True,0.18690002616494894,0.622966028786264,0.3148680343094186,24.87343751132437,54.122950819672155,27.061475409836078
233,heterogeneity,"[[113, 100, 61]]",1.6858904149130278,1000,152,Established CI #2,183.0,246.0,63.0,False,True,923.3129000058398,0.984375,0.9538461538461539,62.0,3.0,1.5
234,heterogeneity,"[[66, 93, 59]]",1.5434135421766166,1000,100,Simulation (reference),101.0,116.0,15.0,False,True,128.41899995692074,1.0,1.0,15.0,0.0,0.0
234,heterogeneity,"[[66, 93, 59]]",1.5434135421766166,1000,100,ehp CI,101.0,116.0,15.0,False,True,11.28249999601394,1.0,1.0,15.0,0.0,0.0
234,heterogeneity,"[[66, 93, 59]]",1.5434135421766166,1000,100,Established CI #1,100.07447290438408,114.17128980748033,14.096816903096254,False,True,0.32949994783848524,0.9397877935397503,0.8270551880889526,13.171289807480335,2.7542372881355845,1.3771186440677923
234,heterogeneity,"[[66, 93, 59]]",1.5434135421766166,1000,100,Established CI #2,101.0,115.0,14.0,False,True,709.8895000526682,0.9333333333333333,0.9333333333333333,14.0,1.0,0.5
235,heterogeneity,"[[149, 94, 36]]",1.7282986458166802,1946,207,Simulation (reference),400.0,715.0,315.0,False,True,983.944799983874,1.0,1.0,315.0,0.0,0.0
235,heterogeneity,"[[149, 94, 36]]",1.7282986458166802,1946,207,ehp CI,400.0,717.0,317.0,False,True,60.96219993196428,1.0063492063492063,0.9936908517350158,315.0,2.0,1.0
235,heterogeneity,"[[149, 94, 36]]",1.7282986458166802,1946,207,Established CI #1,315.80048211852676,504.32451788147324,188.52403576294648,False,True,0.5391000304371119,0.5984890024220523,0.261334278245417,104.32451788147324,294.875,147.4375
235,heterogeneity,"[[149, 94, 36]]",1.7282986458166802,1946,207,Established CI #2,403.0,709.0,306.0,False,True,5244.200099958107,0.9714285714285714,0.9714285714285714,306.0,9.0,1.5
236,heterogeneity,"[[141, 100, 37]]",1.8619851312703335,1906,204,Simulation (reference),408.0,735.0,327.0,False,True,874.6917999815196,1.0,1.0,327.0,0.0,0.0
236,heterogeneity,"[[141, 100, 37]]",1.8619851312703335,1906,204,ehp CI,408.0,735.0,327.0,False,True,81.89509995281696,1.0,1.0,327.0,0.0,0.0
236,heterogeneity,"[[141, 100, 37]]",1.8619851312703335,1906,204,Established CI #1,304.81600578510125,480.0623725932771,175.24636680817582,False,True,0.9750000899657607,0.5359216110341768,0.16751523432384668,72.06237259327708,358.12162162162167,179.06081081081084
236,heterogeneity,"[[141, 100, 37]]",1.8619851312703335,1906,204,Established CI #2,411.0,727.0,316.0,False,True,6152.29380002711,0.9663608562691132,0.9663608562691132,316.0,11.0,2.5
237,heterogeneity,"[[71, 50, 39]]",1.250543000311322,1000,82,Simulation (reference),85.0,108.0,23.0,False,True,601.6244000056759,1.0,1.0,23.0,0.0,0.0
237,heterogeneity,"[[71, 50, 39]]",1.250543000311322,1000,82,ehp CI,85.0,108.0,23.0,False,True,29.463800019584596,1.0,1.0,23.0,0.0,0.0
237,heterogeneity,"[[71, 50, 39]]",1.250543000311322,1000,82,Established CI #1,83.38501480153087,104.32011340359733,20.93509860206646,False,True,0.8662999607622623,0.9102216783507157,0.7848923429293349,19.320113403597333,5.294871794871796,2.647435897435898
237,heterogeneity,"[[71, 50, 39]]",1.250543000311322,1000,82,Established CI #2,85.0,107.0,22.0,False,True,2145.26040002238,0.9565217391304348,0.9565217391304348,22.0,1.0,0.5
238,heterogeneity,"[[97, 187, 84]]",1.4872110308386228,1080,200,Simulation (reference),209.0,245.0,36.0,False,True,461.11589996144176,1.0,1.0,36.0,0.0,0.0
238,heterogeneity,"[[97, 187, 84]]",1.4872110308386228,1080,200,ehp CI,210.0,246.0,36.0,False,True,43.36180002428591,1.0,0.9459459459459459,35.0,2.0,1.0
238,heterogeneity,"[[97, 187, 84]]",1.4872110308386228,1080,200,Established CI #1,219.08017465660078,261.0150634386373,41.93488878203652,False,True,0.5861000390723348,1.1648580217232367,0.4983138273776616,25.919825343399225,26.095238095238074,13.047619047619037
238,heterogeneity,"[[97, 187, 84]]",1.4872110308386228,1080,200,Established CI #2,210.0,245.0,35.0,False,True,2773.2824999839067,0.9722222222222222,0.9722222222222222,35.0,1.0,0.5
239,heterogeneity,"[[103, 59, 50]]",1.9434295924732374,1000,112,Simulation (reference),118.0,153.0,35.0,False,True,454.833299969323,1.0,1.0,35.0,0.0,0.0
239,heterogeneity,"[[103, 59, 50]]",1.9434295924732374,1000,112,ehp CI,118.0,153.0,35.0,False,True,28.382700053043664,1.0,1.0,35.0,0.0,0.0
239,heterogeneity,"[[103, 59, 50]]",1.9434295924732374,1000,112,Established CI #1,117.29998198823183,145.14001801176818,27.840036023536342,False,True,0.7158999796956778,0.7954296006724669,0.7602242106102505,27.140018011768177,8.559999999999988,4.280000000000001
239,heterogeneity,"[[103, 59, 50]]",1.9434295924732374,1000,112,Established CI #2,118.0,152.0,34.0,False,True,1741.924799978733,0.9714285714285714,0.9714285714285714,34.0,1.0,0.5
240,heterogeneity,"[[47, 58, 18]]",1.3496454896600338,1000,87,Simulation (reference),124.0,265.0,141.0,False,True,457.8520000213757,1.0,1.0,141.0,0.0,0.0
240,heterogeneity,"[[47, 58, 18]]",1.3496454896600338,1000,87,ehp CI,127.0,268.0,141.0,False,True,24.255800060927868,1.0,0.9583333333333334,138.0,6.0,3.0
240,heterogeneity,"[[47, 58, 18]]",1.3496454896600338,1000,87,Established CI #1,106.63947589160455,199.61052410839545,92.9710482167909,False,True,0.5867000436410308,0.6593691362892972,0.47745815779594897,75.61052410839545,82.75,41.375
240,heterogeneity,"[[47, 58, 18]]",1.3496454896600338,1000,87,Established CI #2,129.0,260.0,131.0,False,True,1482.0857000304386,0.9290780141843972,0.9290780141843972,131.0,10.0,0.0
241,heterogeneity,"[[141, 111, 27]]",1.7015589549269317,2899,225,Simulation (reference),597.0,1231.0,634.0,False,True,1373.9265999756753,1.0,1.0,634.0,0.0,0.0
241,heterogeneity,"[[141, 111, 27]]",1.7015589549269317,2899,225,ehp CI,595.0,1230.0,635.0,False,True,129.65230003464967,1.001577287066246,0.9952830188679245,633.0,3.0,1.5
241,heterogeneity,"[[141, 111, 27]]",1.7015589549269317,2899,225,Established CI #1,413.7357969522696,762.2642030477305,348.52840609546087,False,True,0.6178999319672585,0.5497293471537238,0.20221637315256127,165.26420304773046,652.0,326.0
241,heterogeneity,"[[141, 111, 27]]",1.7015589549269317,2899,225,Established CI #2,602.0,1209.0,607.0,False,True,9694.721300038509,0.9574132492113565,0.9574132492113565,607.0,27.0,8.5
242,heterogeneity,"[[182, 130, 52]]",0.8540710494755359,2275,260,Simulation (reference),366.0,511.0,145.0,False,True,1064.1706999158487,1.0,1.0,145.0,0.0,0.0
242,heterogeneity,"[[182, 130, 52]]",0.8540710494755359,2275,260,ehp CI,367.0,513.0,146.0,False,True,178.73060004785657,1.006896551724138,0.9795918367346939,144.0,3.0,1.5
242,heterogeneity,"[[182, 130, 52]]",0.8540710494755359,2275,260,Established CI #1,383.1989922681375,552.8010077318625,169.60201546372497,False,True,0.8585000177845359,1.1696690721636205,0.6841558794763591,127.80100773186251,58.99999999999994,29.5
242,heterogeneity,"[[182, 130, 52]]",0.8540710494755359,2275,260,Established CI #2,368.0,511.0,143.0,False,True,9551.676900009625,0.9862068965517241,0.9862068965517241,143.0,2.0,1.0
243,heterogeneity,"[[178, 103, 64]]",1.2556649447601624,1433,217,Simulation (reference),268.0,357.0,89.0,False,True,790.7457000110298,1.0,1.0,89.0,0.0,0.0
243,heterogeneity,"[[178, 103, 64]]",1.2556649447601624,1433,217,ehp CI,268.0,356.0,88.0,False,True,74.11819999106228,0.9887640449438202,0.9887640449438202,88.0,1.0,0.5
243,heterogeneity,"[[178, 103, 64]]",1.2556649447601624,1433,217,Established CI #1,267.29651777962374,349.58629472037626,82.28977694075252,False,True,0.3595000598579645,0.9246042352893541,0.909510898584089,81.58629472037626,8.1171875,4.05859375
243,heterogeneity,"[[178, 103, 64]]",1.2556649447601624,1433,217,Established CI #2,269.0,355.0,86.0,False,True,5245.625499985181,0.9662921348314607,0.9662921348314607,86.0,3.0,0.5
244,heterogeneity,"[[121, 64, 47]]",1.4685511575261965,1000,138,Simulation (reference),156.0,212.0,56.0,False,True,497.79009993653744,1.0,1.0,56.0,0.0,0.0
244,heterogeneity,"[[121, 64, 47]]",1.4685511575261965,1000,138,ehp CI,156.0,212.0,56.0,False,True,31.73419996164739,1.0,1.0,56.0,0.0,0.0
244,heterogeneity,"[[121, 64, 47]]",1.4685511575261965,1000,138,Established CI #1,156.44701948107092,207.64872519978013,51.201705718709206,False,True,0.5773999728262424,0.9143161735483787,0.9143161735483787,51.201705718709206,4.798294281290794,1.9521276595744723
244,heterogeneity,"[[121, 64, 47]]",1.4685511575261965,1000,138,Established CI #2,156.0,211.0,55.0,False,True,2191.420999937691,0.9821428571428571,0.9821428571428571,55.0,1.0,0.5
245,heterogeneity,"[[175, 195, 152]]",1.6939565639334293,1123,218,Simulation (reference),221.0,239.0,18.0,False,True,470.3003999311477,1.0,1.0,18.0,0.0,0.0
245,heterogeneity,"[[175, 195, 152]]",1.6939565639334293,1123,218,ehp CI,222.0,239.0,17.0,False,True,83.39190005790442,0.9444444444444444,0.9444444444444444,17.0,1.0,0.5
245,heterogeneity,"[[175, 195, 152]]",1.6939565639334293,1123,218,Established CI #1,218.77936377423813,231.5495835941829,12.77021981994477,False,True,0.5320999771356583,0.7094566566635984,0.5217236231539704,10.549583594182906,9.67105263157896,4.83552631578948
245,heterogeneity,"[[175, 195, 152]]",1.6939565639334293,1123,218,Established CI #2,222.0,239.0,17.0,False,True,4737.914799945429,0.9444444444444444,0.9444444444444444,17.0,1.0,0.5
246,heterogeneity,"[[190, 198, 107]]",0.6526611713173063,1758,281,Simulation (reference),308.0,350.0,42.0,False,True,830.488600069657,1.0,1.0,42.0,0.0,0.0
246,heterogeneity,"[[190, 198, 107]]",0.6526611713173063,1758,281,ehp CI,309.0,351.0,42.0,False,True,135.13889990281314,1.0,0.9534883720930233,41.0,2.0,1.0
246,heterogeneity,"[[190, 198, 107]]",0.6526611713173063,1758,281,Established CI #1,321.8505550124646,381.62608050155404,59.77552548908943,False,True,0.543600064702332,1.4232267973592723,0.382329804816124,28.14944498753539,45.47663551401865,22.738317757009327
246,heterogeneity,"[[190, 198, 107]]",0.6526611713173063,1758,281,Established CI #2,309.0,350.0,41.0,False,True,8856.271900003776,0.9761904761904762,0.9761904761904762,41.0,1.0,0.5
247,heterogeneity,"[[103, 71, 12]]",0.6626518836490809,3048,162,Simulation (reference),302.0,797.0,495.0,False,True,1458.8287000078708,1.0,1.0,495.0,0.0,0.0
247,heterogeneity,"[[103, 71, 12]]",0.6626518836490809,3048,162,ehp CI,309.0,802.0,493.0,False,True,102.06540010403842,0.9959595959595959,0.976,488.0,12.0,6.0
247,heterogeneity,"[[103, 71, 12]]",0.6626518836490809,3048,162,Established CI #1,323.1001285480408,938.3998714519591,615.2997429039183,False,True,2.44159996509552,1.2430297836442794,0.7446573965685239,473.8998714519592,162.49999999999994,81.25
247,heterogeneity,"[[103, 71, 12]]",0.6626518836490809,3048,162,Established CI #2,318.0,759.0,441.0,False,True,7673.296599998139,0.8909090909090909,0.8909090909090909,441.0,54.0,11.0
248,heterogeneity,"[[195, 156, 35]]",1.5721641797589907,4346,316,Simulation (reference),878.0,1652.0,774.0,False,True,2157.5711999321356,1.0,1.0,774.0,0.0,0.0
248,heterogeneity,"[[195, 156, 35]]",1.5721641797589907,4346,316,ehp CI,888.0,1660.0,772.0,False,True,262.6697999658063,0.9974160206718347,0.9769820971867008,764.0,18.0,9.0
248,heterogeneity,"[[195, 156, 35]]",1.5721641797589907,4346,316,Established CI #1,646.6078856673139,1113.4064000469718,466.79851437965795,False,True,0.6321000400930643,0.6030988557876718,0.2341438695321569,235.40640004697184,769.9857142857143,384.99285714285713
248,heterogeneity,"[[195, 156, 35]]",1.5721641797589907,4346,316,Established CI #2,896.0,1642.0,746.0,False,True,20336.06110000983,0.9638242894056848,0.9638242894056848,746.0,28.0,4.0
249,heterogeneity,"[[200, 142, 46]]",1.5508475158927262,3087,296,Simulation (reference),630.0,1047.0,417.0,False,True,1890.522800036706,1.0,1.0,417.0,0.0,0.0
249,heterogeneity,"[[200, 142, 46]]",1.5508475158927262,3087,296,ehp CI,628.0,1045.0,417.0,False,True,200.4499000031501,1.0,0.9904534606205251,415.0,4.0,2.0
249,heterogeneity,"[[200, 142, 46]]",1.5508475158927262,3087,296,Established CI #1,501.39201635215164,769.9558097348049,268.5637933826533,False,True,0.5239000311121345,0.6440378738193124,0.2565134930744279,139.95580973480492,405.65217391304344,202.82608695652175
249,heterogeneity,"[[200, 142, 46]]",1.5508475158927262,3087,296,Established CI #2,632.0,1037.0,405.0,False,True,13568.978399969637,0.9712230215827338,0.9712230215827338,405.0,12.0,4.0
250,heterogeneity,"[[181, 187, 173]]",1.8143880460649966,1000,195,Simulation (reference),195.0,199.0,4.0,False,True,478.92400005366653,1.0,1.0,4.0,0.0,0.0
250,heterogeneity,"[[181, 187, 173]]",1.8143880460649966,1000,195,ehp CI,195.0,199.0,4.0,False,True,73.05879995692521,1.0,1.0,4.0,0.0,0.0
250,heterogeneity,"[[181, 187, 173]]",1.8143880460649966,1000,195,Established CI #1,195.0,197.44279146812158,2.442791468121584,False,True,0.548599986359477,0.610697867030396,0.610697867030396,2.442791468121584,1.5572085318784161,0.7786042659392081
250,heterogeneity,"[[181, 187, 173]]",1.8143880460649966,1000,195,Established CI #2,195.0,199.0,4.0,False,True,4126.020600087941,1.0,1.0,4.0,0.0,0.0
251,heterogeneity,"[[76, 174, 36]]",1.443491030407573,1837,214,Simulation (reference),345.0,583.0,238.0,False,True,822.2603000467643,1.0,1.0,238.0,0.0,0.0
251,heterogeneity,"[[76, 174, 36]]",1.443491030407573,1837,214,ehp CI,345.0,582.0,237.0,False,True,58.556600008159876,0.9957983193277311,0.9957983193277311,237.0,1.0,0.5
251,heterogeneity,"[[76, 174, 36]]",1.443491030407573,1837,214,Established CI #1,333.08055866662914,534.9749968889264,201.89443822229725,False,True,0.5731999408453703,0.8482959589172153,0.7601449326045677,189.9749968889264,59.94444444444446,29.97222222222223
251,heterogeneity,"[[76, 174, 36]]",1.443491030407573,1837,214,Established CI #2,347.0,576.0,229.0,False,True,2556.227100081742,0.9621848739495799,0.9621848739495799,229.0,9.0,2.5
252,heterogeneity,"[[135, 186, 55]]",1.2535056308438595,2283,266,Simulation (reference),423.0,624.0,201.0,False,True,338.4402999654412,1.0,1.0,201.0,0.0,0.0
252,heterogeneity,"[[135, 186, 55]]",1.2535056308438595,2283,266,ehp CI,423.0,625.0,202.0,False,True,37.275000009685755,1.0049751243781095,0.995049504950495,201.0,1.0,0.5
252,heterogeneity,"[[135, 186, 55]]",1.2535056308438595,2283,266,Established CI #1,387.004320076966,549.7320435593977,162.72772348243166,False,True,0.2335000317543745,0.8095906640916998,0.5347441084181567,126.73204355939765,110.26363636363635,55.131818181818176
252,heterogeneity,"[[135, 186, 55]]",1.2535056308438595,2283,266,Established CI #2,424.0,621.0,197.0,False,True,2600.875800009817,0.9800995024875622,0.9800995024875622,197.0,4.0,1.0
253,heterogeneity,"[[140, 21, 12]]",0.6734427925383454,1225,149,Simulation (reference),171.0,319.0,148.0,False,True,154.11950007546693,1.0,1.0,148.0,0.0,0.0
253,heterogeneity,"[[140, 21, 12]]",0.6734427925383454,1225,149,ehp CI,171.0,320.0,149.0,False,True,3.6795000778511167,1.0067567567567568,0.9932885906040269,148.0,1.0,0.5
253,heterogeneity,"[[140, 21, 12]]",0.6734427925383454,1225,149,Established CI #1,280.0272235779362,800.0144430887303,519.9872195107941,False,True,0.19799999427050352,3.513427158856717,0.06195847623258186,38.972776422063816,590.0416666666665,295.02083333333326
253,heterogeneity,"[[140, 21, 12]]",0.6734427925383454,1225,149,Established CI #2,173.0,305.0,132.0,False,True,244.9549000011757,0.8918918918918919,0.8918918918918919,132.0,16.0,6.0
254,heterogeneity,"[[151, 169, 67]]",1.521101727496429,1905,253,Simulation (reference),380.0,541.0,161.0,False,True,269.5589999202639,1.0,1.0,161.0,0.0,0.0
254,heterogeneity,"[[151, 169, 67]]",1.521101727496429,1905,253,ehp CI,381.0,543.0,162.0,False,True,32.228500000201166,1.0062111801242235,0.9815950920245399,160.0,3.0,1.5
254,heterogeneity,"[[151, 169, 67]]",1.521101727496429,1905,253,Established CI #1,328.91071732939594,435.26838714821594,106.35766981882,False,True,0.20720006432384253,0.6606066448373913,0.2605901932067604,55.268387148215936,156.82089552238813,78.41044776119406
254,heterogeneity,"[[151, 169, 67]]",1.521101727496429,1905,253,Established CI #2,382.0,540.0,158.0,False,True,2519.411599962041,0.9813664596273292,0.9813664596273292,158.0,3.0,0.5
255,heterogeneity,"[[122, 86, 55]]",0.5665765318620242,1000,153,Simulation (reference),163.0,191.0,28.0,False,True,123.23539995122701,1.0,1.0,28.0,0.0,0.0
255,heterogeneity,"[[122, 86, 55]]",0.5665765318620242,1000,153,ehp CI,162.0,191.0,29.0,False,True,11.336799943819642,1.0357142857142858,0.9655172413793104,28.0,1.0,0.5
255,heterogeneity,"[[122, 86, 55]]",0.5665765318620242,1000,153,Established CI #1,172.16766414860072,221.1414267604902,48.97376261188947,False,True,0.20949996542185545,1.749062950424624,0.3239056366638173,18.83233585139928,39.30909090909091,19.654545454545456
255,heterogeneity,"[[122, 86, 55]]",0.5665765318620242,1000,153,Established CI #2,163.0,191.0,28.0,False,True,794.0370999276638,1.0,1.0,28.0,0.0,0.0
256,heterogeneity,"[[124, 96, 67]]",1.585265645545768,1000,153,Simulation (reference),171.0,220.0,49.0,False,True,395.99340001586825,1.0,1.0,49.0,0.0,0.0
256,heterogeneity,"[[124, 96, 67]]",1.585265645545768,1000,153,ehp CI,173.0,221.0,48.0,False,True,25.259200017899275,0.9795918367346939,0.94,47.0,3.0,1.5
256,heterogeneity,"[[124, 96, 67]]",1.585265645545768,1000,153,Established CI #1,163.6927213016158,197.5013085491305,33.80858724751471,False,True,0.2769000129774213,0.6899711683166267,0.47065511176783226,26.5013085491305,29.80597014925371,14.902985074626855
256,heterogeneity,"[[124, 96, 67]]",1.585265645545768,1000,153,Established CI #2,173.0,220.0,47.0,False,True,1865.8214000752196,0.9591836734693877,0.9591836734693877,47.0,2.0,1.0
257,heterogeneity,"[[29, 187, 20]]",1.7606387772137455,1356,196,Simulation (reference),245.0,496.0,251.0,False,True,333.1645999569446,1.0,1.0,251.0,0.0,0.0
257,heterogeneity,"[[29, 187, 20]]",1.7606387772137455,1356,196,ehp CI,247.0,498.0,251.0,False,True,10.564600001089275,1.0,0.9841897233201581,249.0,4.0,2.0
257,heterogeneity,"[[29, 187, 20]]",1.7606387772137455,1356,196,Established CI #1,374.9382443590043,791.4617556409958,416.5235112819915,False,True,0.5872000474482775,1.659456220246978,0.2215374715454536,121.06175564099573,425.40000000000003,212.70000000000005
257,heterogeneity,"[[29, 187, 20]]",1.7606387772137455,1356,196,Established CI #2,251.0,485.0,234.0,False,True,817.2087999992073,0.9322709163346613,0.9322709163346613,234.0,17.0,2.5
258,heterogeneity,"[[77, 63, 11]]",0.7034470166780347,2205,129,Simulation (reference),234.0,629.0,395.0,False,True,524.6046000393108,1.0,1.0,395.0,0.0,0.0
258,heterogeneity,"[[77, 63, 11]]",0.7034470166780347,2205,129,ehp CI,232.0,629.0,397.0,False,True,26.86580002773553,1.0050632911392405,0.9949622166246851,395.0,2.0,1.0
258,heterogeneity,"[[77, 63, 11]]",0.7034470166780347,2205,129,Established CI #1,223.57916507909113,667.3299258299998,443.7507607509086,False,True,0.37809996865689754,1.1234196474706548,0.8901393190438406,395.0,48.750760750908626,13.954545454545439
258,heterogeneity,"[[77, 63, 11]]",0.7034470166780347,2205,129,Established CI #2,239.0,590.0,351.0,False,True,1950.9070999920368,0.8886075949367088,0.8886075949367088,351.0,44.0,17.0
259,heterogeneity,"[[54, 76, 35]]",1.9836974608479208,1000,95,Simulation (reference),115.0,181.0,66.0,False,True,163.65670005325228,1.0,1.0,66.0,0.0,0.0
259,heterogeneity,"[[54, 76, 35]]",1.9836974608479208,1000,95,ehp CI,115.0,183.0,68.0,False,True,8.747700019739568,1.0303030303030303,0.9705882352941176,66.0,2.0,1.0
259,heterogeneity,"[[54, 76, 35]]",1.9836974608479208,1000,95,Established CI #1,102.2564559642004,139.17211546437105,36.91565950017065,False,True,0.4734999965876341,0.5593281742450098,0.30697266373204574,24.172115464371046,54.571428571428555,27.285714285714278
259,heterogeneity,"[[54, 76, 35]]",1.9836974608479208,1000,95,Established CI #2,115.0,180.0,65.0,False,True,504.929699935019,0.9848484848484849,0.9848484848484849,65.0,1.0,0.5
260,heterogeneity,"[[162, 100, 90]]",1.6536126857005318,1000,172,Simulation (reference),176.0,200.0,24.0,False,True,130.65509998705238,1.0,1.0,24.0,0.0,0.0
260,heterogeneity,"[[162, 100, 90]]",1.6536126857005318,1000,172,ehp CI,176.0,200.0,24.0,False,True,12.64390000142157,1.0,1.0,24.0,0.0,0.0
260,heterogeneity,"[[162, 100, 90]]",1.6536126857005318,1000,172,Established CI #1,178.34844770923036,203.0071078463252,24.65866013709484,False,True,0.206399941816926,1.0274441723789518,0.8016982941665013,21.651552290769644,5.355555555555554,2.677777777777777
260,heterogeneity,"[[162, 100, 90]]",1.6536126857005318,1000,172,Established CI #2,176.0,199.0,23.0,False,True,743.1830000132322,0.9583333333333334,0.9583333333333334,23.0,1.0,0.5
261,heterogeneity,"[[163, 77, 66]]",1.7782584516252842,1000,174,Simulation (reference),185.0,231.0,46.0,False,True,118.45599999651313,1.0,1.0,46.0,0.0,0.0
261,heterogeneity,"[[163, 77, 66]]",1.7782584516252842,1000,174,ehp CI,185.0,231.0,46.0,False,True,11.148600024171174,1.0,1.0,46.0,0.0,0.0
261,heterogeneity,"[[163, 77, 66]]",1.7782584516252842,1000,174,Established CI #1,194.49497452248588,241.8686618411505,47.37368731866462,False,True,0.1783999614417553,1.029862767797057,0.641918137259542,36.505025477514124,20.363636363636374,10.181818181818187
261,heterogeneity,"[[163, 77, 66]]",1.7782584516252842,1000,174,Established CI #2,186.0,230.0,44.0,False,True,573.0257999384776,0.9565217391304348,0.9565217391304348,44.0,2.0,0.0
262,heterogeneity,"[[52, 95, 6]]",1.1616714608781227,4117,141,Simulation (reference),442.0,2615.0,2173.0,False,True,566.5212000021711,1.0,1.0,2173.0,0.0,0.0
262,heterogeneity,"[[52, 95, 6]]",1.1616714608781227,4117,141,ehp CI,458.0,2620.0,2162.0,False,True,27.85860002040863,0.9949378739070409,0.990358126721763,2157.0,21.0,10.5
262,heterogeneity,"[[52, 95, 6]]",1.1616714608781227,4117,141,Established CI #1,238.7493596022838,1562.0006403977163,1323.2512807954326,False,True,0.1976999919861555,0.6089513487323666,0.4713310209609287,1120.0006403977163,1256.25,628.125
262,heterogeneity,"[[52, 95, 6]]",1.1616714608781227,4117,141,Established CI #2,494.0,2254.0,1760.0,False,True,1985.0288999732584,0.8099401748734468,0.8099401748734468,1760.0,413.0,154.5
263,heterogeneity,"[[121, 123, 106]]",0.5185444292894343,1000,138,Simulation (reference),138.0,142.0,4.0,False,True,138.50170001387596,1.0,1.0,4.0,0.0,0.0
263,heterogeneity,"[[121, 123, 106]]",0.5185444292894343,1000,138,ehp CI,138.0,142.0,4.0,False,True,16.50059991516173,1.0,1.0,4.0,0.0,0.0
263,heterogeneity,"[[121, 123, 106]]",0.5185444292894343,1000,138,Established CI #1,138.0,143.9207487952816,5.920748795281611,False,True,0.20600005518645048,1.4801871988204027,0.6755902231805033,4.0,1.920748795281611,0.9603743976408055
263,heterogeneity,"[[121, 123, 106]]",0.5185444292894343,1000,138,Established CI #2,138.0,141.0,3.0,False,True,936.3714000210166,0.75,0.75,3.0,1.0,0.5
264,heterogeneity,"[[67, 155, 46]]",1.3606883286394946,1129,176,Simulation (reference),209.0,295.0,86.0,False,True,132.68080004490912,1.0,1.0,86.0,0.0,0.0
264,heterogeneity,"[[67, 155, 46]]",1.3606883286394946,1129,176,ehp CI,211.0,297.0,86.0,False,True,10.213600005954504,1.0,0.9545454545454546,84.0,4.0,2.0
264,heterogeneity,"[[67, 155, 46]]",1.3606883286394946,1129,176,Established CI #1,222.52179639676135,313.17385577715163,90.65205938039028,False,True,0.1764999469742179,1.0540937137254685,0.6957427375855588,72.47820360323865,31.695652173912976,15.847826086956502
264,heterogeneity,"[[67, 155, 46]]",1.3606883286394946,1129,176,Established CI #2,211.0,294.0,83.0,False,True,593.5097999172285,0.9651162790697675,0.9651162790697675,83.0,3.0,0.5
265,heterogeneity,"[[62, 171, 29]]",0.5786619195484536,1828,204,Simulation (reference),253.0,367.0,114.0,False,True,228.20389992557466,1.0,1.0,114.0,0.0,0.0
265,heterogeneity,"[[62, 171, 29]]",0.5786619195484536,1828,204,ehp CI,255.0,369.0,114.0,False,True,13.744500000029802,1.0,0.9655172413793104,112.0,4.0,2.0
265,heterogeneity,"[[62, 171, 29]]",0.5786619195484536,1828,204,Established CI #1,340.0748876506345,595.9423537286759,255.86746607804145,False,True,0.20540005061775446,2.2444514568249248,0.0785120649479992,26.92511234936552,316.0172413793104,158.00862068965523
265,heterogeneity,"[[62, 171, 29]]",0.5786619195484536,1828,204,Established CI #2,256.0,365.0,109.0,False,True,944.19830001425,0.956140350877193,0.956140350877193,109.0,5.0,0.5
266,heterogeneity,"[[70, 30, 7]]",0.7736539063334553,1500,93,Simulation (reference),147.0,580.0,433.0,False,True,195.68580004852265,1.0,1.0,433.0,0.0,0.0
266,heterogeneity,"[[70, 30, 7]]",0.7736539063334553,1500,93,ehp CI,151.0,585.0,434.0,False,True,7.259600097313523,1.002309468822171,0.9794520547945206,429.0,9.0,4.5
266,heterogeneity,"[[70, 30, 7]]",0.7736539063334553,1500,93,Established CI #1,129.6124253932064,584.6732888925079,455.0608634993015,False,True,0.18259999342262745,1.050948876441805,0.9515210705450275,433.0,22.06086349930152,6.357142857142833
266,heterogeneity,"[[70, 30, 7]]",0.7736539063334553,1500,93,Established CI #2,160.0,509.0,349.0,False,True,431.1401000013575,0.8060046189376443,0.8060046189376443,349.0,84.0,29.0
267,heterogeneity,"[[122, 139, 57]]",0.7367512714895368,1488,204,Simulation (reference),243.0,312.0,69.0,False,True,184.7830000333488,1.0,1.0,69.0,0.0,0.0
267,heterogeneity,"[[122, 139, 57]]",0.7367512714895368,1488,204,ehp CI,245.0,313.0,68.0,False,True,24.212799966335297,0.9855072463768116,0.9571428571428572,67.0,3.0,1.5
267,heterogeneity,"[[122, 139, 57]]",0.7367512714895368,1488,204,Established CI #1,255.0911831913799,342.4614483875675,87.37026519618757,False,True,0.24239998310804367,1.2662357274809792,0.5721695966749424,56.90881680862009,42.5526315789474,21.2763157894737
267,heterogeneity,"[[122, 139, 57]]",0.7367512714895368,1488,204,Established CI #2,245.0,312.0,67.0,False,True,1412.9437999799848,0.9710144927536232,0.9710144927536232,67.0,2.0,1.0
268,heterogeneity,"[[111, 136, 24]]",1.764765381417523,3145,223,Simulation (reference),655.0,1441.0,786.0,False,True,429.68169995583594,1.0,1.0,786.0,0.0,0.0
268,heterogeneity,"[[111, 136, 24]]",1.764765381417523,3145,223,ehp CI,655.0,1445.0,790.0,False,True,39.96750002261251,1.005089058524173,0.9949367088607595,786.0,4.0,2.0
268,heterogeneity,"[[111, 136, 24]]",1.764765381417523,3145,223,Established CI #1,430.66735101745445,840.3534823158791,409.68613129842464,False,True,0.20410004071891308,0.5212291746799296,0.18345787647517786,185.3534823158791,824.9791666666665,412.48958333333326
268,heterogeneity,"[[111, 136, 24]]",1.764765381417523,3145,223,Established CI #2,665.0,1415.0,750.0,False,True,2955.3053999552503,0.9541984732824428,0.9541984732824428,750.0,36.0,8.0
269,heterogeneity,"[[188, 109, 78]]",1.8926306852064472,1314,219,Simulation (reference),266.0,353.0,87.0,False,True,162.95239992905408,1.0,1.0,87.0,0.0,0.0
269,heterogeneity,"[[188, 109, 78]]",1.8926306852064472,1314,219,ehp CI,266.0,353.0,87.0,False,True,18.110500066541135,1.0,1.0,87.0,0.0,0.0
269,heterogeneity,"[[188, 109, 78]]",1.8926306852064472,1314,219,Established CI #1,252.93449731372306,312.5078103785847,59.57331306486162,False,True,0.18550001550465822,0.6847507248834669,0.46477366455045843,46.50781037858468,53.557692307692264,26.778846153846132
269,heterogeneity,"[[188, 109, 78]]",1.8926306852064472,1314,219,Established CI #2,267.0,352.0,85.0,False,True,1051.2314999941736,0.9770114942528736,0.9770114942528736,85.0,2.0,0.0
270,heterogeneity,"[[112, 43, 6]]",0.6437602851452544,4014,149,Simulation (reference),293.0,1532.0,1239.0,False,True,537.8892000298947,1.0,1.0,1239.0,0.0,0.0
270,heterogeneity,"[[112, 43, 6]]",0.6437602851452544,4014,149,ehp CI,309.0,1538.0,1229.0,False,True,21.728700026869774,0.9919289749798225,0.9823293172690764,1223.0,22.0,11.0
270,heterogeneity,"[[112, 43, 6]]",0.6437602851452544,4014,149,Established CI #1,262.06800481655944,1740.015328516774,1477.9473237002144,False,True,0.2864000853151083,1.1928549828088897,0.8383248713479302,1239.0,238.9473237002145,88.54166666666674
270,heterogeneity,"[[112, 43, 6]]",0.6437602851452544,4014,149,Established CI #2,333.0,1277.0,944.0,False,True,1610.4168999008834,0.7619047619047619,0.7619047619047619,944.0,295.0,107.5
271,heterogeneity,"[[115, 139, 89]]",1.090680458099465,1000,165,Simulation (reference),172.0,194.0,22.0,False,True,118.90610004775226,1.0,1.0,22.0,0.0,0.0
271,heterogeneity,"[[115, 139, 89]]",1.090680458099465,1000,165,ehp CI,171.0,194.0,23.0,False,True,15.918800025247037,1.0454545454545454,0.9565217391304348,22.0,1.0,0.5
271,heterogeneity,"[[115, 139, 89]]",1.090680458099465,1000,165,Established CI #1,169.95922100203688,192.49021720021028,22.530996198173398,False,True,0.2484999131411314,1.0241361908260636,0.8523108673785629,20.49021720021028,3.5505617977528345,1.7752808988764173
271,heterogeneity,"[[115, 139, 89]]",1.090680458099465,1000,165,Established CI #2,172.0,194.0,22.0,False,True,833.4844000637531,1.0,1.0,22.0,0.0,0.0
272,heterogeneity,"[[137, 177, 74]]",0.6198554810161864,1639,240,Simulation (reference),272.0,325.0,53.0,False,True,210.2567000547424,1.0,1.0,53.0,0.0,0.0
272,heterogeneity,"[[137, 177, 74]]",0.6198554810161864,1639,240,ehp CI,272.0,324.0,52.0,False,True,28.348100022412837,0.9811320754716981,0.9811320754716981,52.0,1.0,0.5
272,heterogeneity,"[[137, 177, 74]]",0.6198554810161864,1639,240,Established CI #1,292.97299345032144,373.2161957388677,80.24320228854629,False,True,0.19120005890727043,1.5140226846895526,0.3164217575644366,32.02700654967856,69.18918918918916,34.59459459459458
272,heterogeneity,"[[137, 177, 74]]",0.6198554810161864,1639,240,Established CI #2,273.0,323.0,50.0,False,True,1687.2196000767872,0.9433962264150944,0.9433962264150944,50.0,3.0,0.5
273,heterogeneity,"[[41, 87, 15]]",1.7629620700225141,1189,113,Simulation (reference),213.0,578.0,365.0,False,True,150.8290000492707,1.0,1.0,365.0,0.0,0.0
273,heterogeneity,"[[41, 87, 15]]",1.7629620700225141,1189,113,ehp CI,218.0,582.0,364.0,False,True,6.795699940994382,0.9972602739726028,0.975609756097561,360.0,9.0,4.5
273,heterogeneity,"[[41, 87, 15]]",1.7629620700225141,1189,113,Established CI #1,167.266279625043,378.8670537082903,211.6007740832473,False,True,0.23030000738799572,0.5797281481732803,0.40383110877010786,165.8670537082903,244.86666666666667,122.43333333333334
273,heterogeneity,"[[41, 87, 15]]",1.7629620700225141,1189,113,Established CI #2,223.0,557.0,334.0,False,True,428.1830999534577,0.915068493150685,0.915068493150685,334.0,31.0,5.5
274,heterogeneity,"[[132, 130, 72]]",1.870841635912616,1192,190,Simulation (reference),242.0,332.0,90.0,False,True,149.1806999547407,1.0,1.0,90.0,0.0,0.0
274,heterogeneity,"[[132, 130, 72]]",1.870841635912616,1192,190,ehp CI,244.0,333.0,89.0,False,True,19.687400083057582,0.9888888888888889,0.967032967032967,88.0,3.0,1.5
274,heterogeneity,"[[132, 130, 72]]",1.870841635912616,1192,190,Established CI #1,213.55173458704016,263.1427098574043,49.59097527036417,False,True,0.20020001102238894,0.5510108363373797,0.17849742065611565,21.142709857404327,97.30555555555551,48.65277777777777
274,heterogeneity,"[[132, 130, 72]]",1.870841635912616,1192,190,Established CI #2,245.0,332.0,87.0,False,True,1146.5052000712603,0.9666666666666667,0.9666666666666667,87.0,3.0,1.5
275,heterogeneity,"[[136, 143, 75]]",1.598908865267905,1297,204,Simulation (reference),257.0,343.0,86.0,False,True,160.87769996374846,1.0,1.0,86.0,0.0,0.0
275,heterogeneity,"[[136, 143, 75]]",1.598908865267905,1297,204,ehp CI,257.0,342.0,85.0,False,True,23.970299982465804,0.9883720930232558,0.9883720930232558,85.0,1.0,0.5
275,heterogeneity,"[[136, 143, 75]]",1.598908865267905,1297,204,Established CI #1,232.31873189657637,286.6212681034237,54.30253620684732,False,True,0.19700010307133198,0.6314248396145037,0.26762675031645605,29.621268103423688,81.05999999999995,40.52999999999997
275,heterogeneity,"[[136, 143, 75]]",1.598908865267905,1297,204,Established CI #2,258.0,341.0,83.0,False,True,1315.955700003542,0.9651162790697675,0.9651162790697675,83.0,3.0,0.5
276,heterogeneity,"[[139, 95, 82]]",0.9091332232624431,1000,152,Simulation (reference),154.0,169.0,15.0,False,True,118.0522000649944,1.0,1.0,15.0,0.0,0.0
276,heterogeneity,"[[139, 95, 82]]",0.9091332232624431,1000,152,ehp CI,154.0,169.0,15.0,False,True,14.989800052717328,1.0,1.0,15.0,0.0,0.0
276,heterogeneity,"[[139, 95, 82]]",0.9091332232624431,1000,152,Established CI #1,156.13013136859624,177.74791741189156,21.617786043295325,False,True,0.19759999122470617,1.4411857362196883,0.5419367268373304,12.869868631403762,10.878048780487802,5.439024390243901
276,heterogeneity,"[[139, 95, 82]]",0.9091332232624431,1000,152,Established CI #2,154.0,169.0,15.0,False,True,743.4798999456689,1.0,1.0,15.0,0.0,0.0
277,heterogeneity,"[[152, 29, 22]]",1.276484226954008,1002,159,Simulation (reference),177.0,286.0,109.0,False,True,130.94289996661246,1.0,1.0,109.0,0.0,0.0
277,heterogeneity,"[[152, 29, 22]]",1.276484226954008,1002,159,ehp CI,176.0,286.0,110.0,False,True,6.087200017645955,1.0091743119266054,0.990909090909091,109.0,1.0,0.5
277,heterogeneity,"[[152, 29, 22]]",1.276484226954008,1002,159,Established CI #1,254.53617731710486,490.0320045010769,235.49582718397207,False,True,0.24429999757558107,2.160512175999744,0.10051311760611652,31.46382268289514,281.56818181818176,140.78409090909088
277,heterogeneity,"[[152, 29, 22]]",1.276484226954008,1002,159,Established CI #2,178.0,280.0,102.0,False,True,275.5632000043988,0.9357798165137615,0.9357798165137615,102.0,7.0,2.5
278,heterogeneity,"[[90, 52, 43]]",0.9519849545638888,1000,99,Simulation (reference),101.0,120.0,19.0,False,True,153.34359998814762,1.0,1.0,19.0,0.0,0.0
278,heterogeneity,"[[90, 52, 43]]",0.9519849545638888,1000,99,ehp CI,101.0,121.0,20.0,False,True,11.584799969568849,1.0526315789473684,0.95,19.0,1.0,0.5
278,heterogeneity,"[[90, 52, 43]]",0.9519849545638888,1000,99,Established CI #1,103.4140299854661,131.05108629360367,27.637056308137574,False,True,0.314100063405931,1.4545819109546092,0.5519258056925614,16.5859700145339,13.465116279069775,6.732558139534888
278,heterogeneity,"[[90, 52, 43]]",0.9519849545638888,1000,99,Established CI #2,101.0,120.0,19.0,False,True,489.841099944897,1.0,1.0,19.0,0.0,0.0
279,heterogeneity,"[[64, 196, 39]]",0.6746801384885888,1609,221,Simulation (reference),256.0,339.0,83.0,False,True,222.5937000475824,1.0,1.0,83.0,0.0,0.0
279,heterogeneity,"[[64, 196, 39]]",0.6746801384885888,1609,221,ehp CI,257.0,340.0,83.0,False,True,14.360200031660497,1.0,0.9761904761904762,82.0,2.0,1.0
279,heterogeneity,"[[64, 196, 39]]",0.6746801384885888,1609,221,Established CI #1,338.13355764144546,528.5331090252213,190.39955138377582,False,True,0.34200004301965237,2.2939704985997085,0.003179218707237338,0.8664423585545364,271.66666666666674,135.83333333333337
279,heterogeneity,"[[64, 196, 39]]",0.6746801384885888,1609,221,Established CI #2,257.0,338.0,81.0,False,True,943.5628999490291,0.9759036144578314,0.9759036144578314,81.0,2.0,0.0
280,heterogeneity,"[[102, 152, 46]]",1.3351249339528573,1686,208,Simulation (reference),317.0,486.0,169.0,False,True,238.88700001407415,1.0,1.0,169.0,0.0,0.0
280,heterogeneity,"[[102, 152, 46]]",1.3351249339528573,1686,208,ehp CI,314.0,481.0,167.0,False,True,22.71119994111359,0.9881656804733728,0.9534883720930233,164.0,8.0,4.0
280,heterogeneity,"[[102, 152, 46]]",1.3351249339528573,1686,208,Established CI #1,286.005505132846,415.2553644323714,129.24985929952538,False,True,0.20510004833340645,0.7647920668610969,0.4912903452549398,98.25536443237138,101.73913043478262,50.86956521739131
280,heterogeneity,"[[102, 152, 46]]",1.3351249339528573,1686,208,Established CI #2,316.0,478.0,162.0,False,True,1450.9798000799492,0.9585798816568047,0.9470588235294117,161.0,9.0,4.5
281,heterogeneity,"[[83, 97, 45]]",1.8795052698264874,1000,135,Simulation (reference),180.0,277.0,97.0,False,True,126.62420002743602,1.0,1.0,97.0,0.0,0.0
281,heterogeneity,"[[83, 97, 45]]",1.8795052698264874,1000,135,ehp CI,180.0,277.0,97.0,False,True,10.274600004777312,1.0,1.0,97.0,0.0,0.0
281,heterogeneity,"[[83, 97, 45]]",1.8795052698264874,1000,135,Established CI #1,153.70432378270255,206.29567621729745,52.59135243459491,False,True,0.1849998952820897,0.5421788910782981,0.21327330385011806,26.295676217297455,97.0,48.5
281,heterogeneity,"[[83, 97, 45]]",1.8795052698264874,1000,135,Established CI #2,181.0,275.0,94.0,False,True,648.7864999799058,0.9690721649484536,0.9690721649484536,94.0,3.0,0.5
282,heterogeneity,"[[194, 173, 133]]",1.7648217038057616,1262,234,Simulation (reference),251.0,288.0,37.0,False,True,157.99949993379414,1.0,1.0,37.0,0.0,0.0
282,heterogeneity,"[[194, 173, 133]]",1.7648217038057616,1262,234,ehp CI,251.0,287.0,36.0,False,True,24.529100046493113,0.972972972972973,0.972972972972973,36.0,1.0,0.5
282,heterogeneity,"[[194, 173, 133]]",1.7648217038057616,1262,234,Established CI #1,241.333547689429,265.0160763707214,23.68252868129241,False,True,0.2948000328615308,0.6400683427376327,0.3003458732505031,14.016076370721407,32.650375939849596,16.325187969924798
282,heterogeneity,"[[194, 173, 133]]",1.7648217038057616,1262,234,Established CI #2,251.0,287.0,36.0,False,True,1511.2799999769777,0.972972972972973,0.972972972972973,36.0,1.0,0.5
283,heterogeneity,"[[165, 60, 22]]",1.1207138207625638,2250,203,Simulation (reference),350.0,701.0,351.0,False,True,288.7770999222994,1.0,1.0,351.0,0.0,0.0
283,heterogeneity,"[[165, 60, 22]]",1.1207138207625638,2250,203,ehp CI,356.0,707.0,351.0,False,True,16.716499929316342,1.0,0.9663865546218487,345.0,12.0,6.0
283,heterogeneity,"[[165, 60, 22]]",1.1207138207625638,2250,203,Established CI #1,381.90248099524536,768.6657008229366,386.7632198276913,False,True,0.2047999296337366,1.1018895151786077,0.7621773610246336,319.09751900475464,99.56818181818198,49.78409090909099
283,heterogeneity,"[[165, 60, 22]]",1.1207138207625638,2250,203,Established CI #2,361.0,692.0,331.0,False,True,1160.5556999566033,0.9430199430199431,0.9430199430199431,331.0,20.0,1.0
284,heterogeneity,"[[136, 58, 48]]",1.3162122587947631,1000,146,Simulation (reference),154.0,196.0,42.0,False,True,120.41460000909865,1.0,1.0,42.0,0.0,0.0
284,heterogeneity,"[[136, 58, 48]]",1.3162122587947631,1000,146,ehp CI,155.0,197.0,42.0,False,True,8.274100022390485,1.0,0.9534883720930233,41.0,2.0,1.0
284,heterogeneity,"[[136, 58, 48]]",1.3162122587947631,1000,146,Established CI #1,168.00819273924978,224.0334739274169,56.02528118816713,False,True,0.19950000569224358,1.3339352663849315,0.39969182864984093,27.99180726075022,42.041666666666686,21.020833333333343
284,heterogeneity,"[[136, 58, 48]]",1.3162122587947631,1000,146,Established CI #2,155.0,195.0,40.0,False,True,455.6216000346467,0.9523809523809523,0.9523809523809523,40.0,2.0,0.0
285,heterogeneity,"[[190, 114, 103]]",1.5583323527042796,1052,201,Simulation (reference),206.0,230.0,24.0,False,True,125.05230004899204,1.0,1.0,24.0,0.0,0.0
285,heterogeneity,"[[190, 114, 103]]",1.5583323527042796,1052,201,ehp CI,206.0,231.0,25.0,False,True,13.622800004668534,1.0416666666666667,0.96,24.0,1.0,0.5
285,heterogeneity,"[[190, 114, 103]]",1.5583323527042796,1052,201,Established CI #1,210.34596959110726,238.27538963219368,27.929420041086416,False,True,0.1876000314950943,1.1637258350452673,0.6089478897967653,19.654030408892737,12.621359223300942,6.310679611650471
285,heterogeneity,"[[190, 114, 103]]",1.5583323527042796,1052,201,Established CI #2,206.0,230.0,24.0,False,True,842.100500012748,1.0,1.0,24.0,0.0,0.0
286,heterogeneity,"[[183, 199, 106]]",1.9454631205438062,1718,276,Simulation (reference),363.0,468.0,105.0,False,True,217.34870004002005,1.0,1.0,105.0,0.0,0.0
286,heterogeneity,"[[183, 199, 106]]",1.9454631205438062,1718,276,ehp CI,362.0,469.0,107.0,False,True,36.337200086563826,1.019047619047619,0.9813084112149533,105.0,2.0,0.0
286,heterogeneity,"[[183, 199, 106]]",1.9454631205438062,1718,276,Established CI #1,315.00346132999505,373.3172933869861,58.31383205699103,False,True,0.1996000064536929,0.5553698291142003,0.06743481569370165,10.31729338698608,142.67924528301887,71.33962264150944
286,heterogeneity,"[[183, 199, 106]]",1.9454631205438062,1718,276,Established CI #2,363.0,468.0,105.0,False,True,2346.2514999555424,1.0,1.0,105.0,0.0,0.0
287,heterogeneity,"[[181, 193, 171]]",1.87195988302924,1022,203,Simulation (reference),203.0,210.0,7.0,False,True,121.34399998467416,1.0,1.0,7.0,0.0,0.0
287,heterogeneity,"[[181, 193, 171]]",1.87195988302924,1022,203,ehp CI,203.0,210.0,7.0,False,True,22.766700014472008,1.0,1.0,7.0,0.0,0.0
287,heterogeneity,"[[181, 193, 171]]",1.87195988302924,1022,203,Established CI #1,203.0,207.11957613062845,4.119576130628445,False,True,0.22909999825060368,0.5885108758040636,0.5885108758040636,4.119576130628445,2.8804238693715547,1.4402119346857774
287,heterogeneity,"[[181, 193, 171]]",1.87195988302924,1022,203,Established CI #2,203.0,209.0,6.0,False,True,1200.359300011769,0.8571428571428571,0.8571428571428571,6.0,1.0,0.5
288,heterogeneity,"[[158, 102, 18]]",1.235786532321499,4477,242,Simulation (reference),698.0,1707.0,1009.0,False,True,607.1595000103116,1.0,1.0,1009.0,0.0,0.0
288,heterogeneity,"[[158, 102, 18]]",1.235786532321499,4477,242,ehp CI,707.0,1716.0,1009.0,False,True,52.54780000541359,1.0,0.9823182711198428,1000.0,18.0,9.0
288,heterogeneity,"[[158, 102, 18]]",1.235786532321499,4477,242,Established CI #1,565.2081540271979,1312.56962375058,747.361469723382,False,True,0.20889996085315943,0.740695212808109,0.538250142456543,614.5696237505799,527.2222222222222,263.6111111111111
288,heterogeneity,"[[158, 102, 18]]",1.235786532321499,4477,242,Established CI #2,721.0,1663.0,942.0,False,True,3935.618699993938,0.933597621407334,0.933597621407334,942.0,67.0,10.5
289,heterogeneity,"[[141, 164, 85]]",0.7591143838588061,1361,220,Simulation (reference),242.0,283.0,41.0,False,True,166.3094999967143,1.0,1.0,41.0,0.0,0.0
289,heterogeneity,"[[141, 164, 85]]",0.7591143838588061,1361,220,ehp CI,242.0,283.0,41.0,False,True,27.297199936583638,1.0,1.0,41.0,0.0,0.0
289,heterogeneity,"[[141, 164, 85]]",0.7591143838588061,1361,220,Established CI #1,247.857916112895,299.3479662400462,51.49005012715122,False,True,0.19129994325339794,1.2558548811500299,0.6127869249976158,35.142083887105,22.205882352941217,11.102941176470608
289,heterogeneity,"[[141, 164, 85]]",0.7591143838588061,1361,220,Established CI #2,242.0,282.0,40.0,False,True,1416.3490999490023,0.975609756097561,0.975609756097561,40.0,1.0,0.5
290,heterogeneity,"[[105, 111, 45]]",0.8258535565869851,1295,171,Simulation (reference),213.0,291.0,78.0,False,True,157.9050999134779,1.0,1.0,78.0,0.0,0.0
290,heterogeneity,"[[105, 111, 45]]",0.8258535565869851,1295,171,ehp CI,212.0,290.0,78.0,False,True,17.042099963873625,1.0,0.9746835443037974,77.0,2.0,1.0
290,heterogeneity,"[[105, 111, 45]]",0.8258535565869851,1295,171,Established CI #1,215.0232639549403,303.3767360450597,88.35347209011942,False,True,0.562199973501265,1.1327368216681977,0.8406669610991427,75.97673604505971,14.400000000000006,7.199999999999989
290,heterogeneity,"[[105, 111, 45]]",0.8258535565869851,1295,171,Established CI #2,213.0,289.0,76.0,False,True,1074.5688999304548,0.9743589743589743,0.9743589743589743,76.0,2.0,1.0
291,heterogeneity,"[[195, 60, 25]]",1.4433133142575785,2340,230,Simulation (reference),422.0,837.0,415.0,False,True,299.80069992598146,1.0,1.0,415.0,0.0,0.0
291,heterogeneity,"[[195, 60, 25]]",1.4433133142575785,2340,230,ehp CI,423.0,840.0,417.0,False,True,17.122600111179054,1.0048192771084337,0.9904306220095693,414.0,4.0,2.0
291,heterogeneity,"[[195, 60, 25]]",1.4433133142575785,2340,230,Established CI #1,445.3357654163374,855.1642345836626,409.82846916732524,False,True,0.20340003538876772,0.9875384799212656,0.9041933828172867,391.6642345836626,41.5,20.75
291,heterogeneity,"[[195, 60, 25]]",1.4433133142575785,2340,230,Established CI #2,429.0,825.0,396.0,False,True,1179.5988000230864,0.9542168674698795,0.9542168674698795,396.0,19.0,2.5
292,heterogeneity,"[[172, 183, 63]]",0.8120750807977609,2499,292,Simulation (reference),399.0,535.0,136.0,False,True,331.37100003659725,1.0,1.0,136.0,0.0,0.0
292,heterogeneity,"[[172, 183, 63]]",0.8120750807977609,2499,292,ehp CI,404.0,540.0,136.0,False,True,46.594200073741376,1.0,0.9290780141843972,131.0,10.0,5.0
292,heterogeneity,"[[172, 183, 63]]",0.8120750807977609,2499,292,Established CI #1,420.4390579896549,579.7593547087579,159.320296719103,False,True,0.45780010987073183,1.1714727699934044,0.6337760067517799,114.56094201034512,66.19841269841277,33.09920634920638
292,heterogeneity,"[[172, 183, 63]]",0.8120750807977609,2499,292,Established CI #2,405.0,538.0,133.0,False,True,3402.25890011061,0.9779411764705882,0.935251798561151,130.0,9.0,4.5
293,heterogeneity,"[[152, 103, 83]]",0.951015435595583,1000,172,Simulation (reference),178.0,202.0,24.0,False,True,120.41580001823604,1.0,1.0,24.0,0.0,0.0
293,heterogeneity,"[[152, 103, 83]]",0.951015435595583,1000,172,ehp CI,178.0,202.0,24.0,False,True,13.34200007840991,1.0,1.0,24.0,0.0,0.0
293,heterogeneity,"[[152, 103, 83]]",0.951015435595583,1000,172,Established CI #1,181.1522106999836,210.5646567698959,29.412446069912278,False,True,0.19360007718205452,1.225518586246345,0.6401968074568789,20.847789300016387,11.716867469879503,5.8584337349397515
293,heterogeneity,"[[152, 103, 83]]",0.951015435595583,1000,172,Established CI #2,178.0,201.0,23.0,False,True,737.989200046286,0.9583333333333334,0.9583333333333334,23.0,1.0,0.5
294,heterogeneity,"[[102, 199, 88]]",1.910917113402029,1154,213,Simulation (reference),227.0,274.0,47.0,False,True,138.54119996540248,1.0,1.0,47.0,0.0,0.0
294,heterogeneity,"[[102, 199, 88]]",1.910917113402029,1154,213,ehp CI,228.0,276.0,48.0,False,True,14.563699951395392,1.0212765957446808,0.9387755102040817,46.0,3.0,1.5
294,heterogeneity,"[[102, 199, 88]]",1.910917113402029,1154,213,Established CI #1,235.0565370408246,279.7218720500845,44.665335009259934,False,True,0.19289995543658733,0.9503262767927646,0.7386585765046438,38.943462959175406,13.778409090909122,6.889204545454561
294,heterogeneity,"[[102, 199, 88]]",1.910917113402029,1154,213,Established CI #2,228.0,275.0,47.0,False,True,846.9924000091851,1.0,0.9583333333333334,46.0,2.0,1.0
295,heterogeneity,"[[160, 91, 28]]",1.3903717399043378,2600,223,Simulation (reference),471.0,910.0,439.0,False,True,347.42940007708967,1.0,1.0,439.0,0.0,0.0
295,heterogeneity,"[[160, 91, 28]]",1.3903717399043378,2600,223,ehp CI,473.0,914.0,441.0,False,True,26.617800001986325,1.0045558086560364,0.9864559819413092,437.0,6.0,3.0
295,heterogeneity,"[[160, 91, 28]]",1.3903717399043378,2600,223,Established CI #1,400.64153057743647,724.3763265654206,323.73479598798417,False,True,0.47450000420212746,0.7374368929111257,0.4974420605053683,253.37632656542064,255.9821428571429,127.99107142857144
295,heterogeneity,"[[160, 91, 28]]",1.3903717399043378,2600,223,Established CI #2,478.0,899.0,421.0,False,True,2071.1646999698132,0.958997722095672,0.958997722095672,421.0,18.0,2.0
296,heterogeneity,"[[28, 186, 12]]",1.4712677170639408,2170,202,Simulation (reference),344.0,1009.0,665.0,False,True,300.1821000361815,1.0,1.0,665.0,0.0,0.0
296,heterogeneity,"[[28, 186, 12]]",1.4712677170639408,2170,202,ehp CI,348.0,1012.0,664.0,False,True,8.203899953514338,0.9984962406015038,0.9895209580838323,661.0,7.0,3.5
296,heterogeneity,"[[28, 186, 12]]",1.4712677170639408,2170,202,Established CI #1,474.80962554648806,1433.3570411201786,958.5474155736905,False,True,0.19859999883919954,1.4414246850732189,0.49037216843451764,534.1903744535119,555.1666666666666,277.58333333333326
296,heterogeneity,"[[28, 186, 12]]",1.4712677170639408,2170,202,Established CI #2,360.0,952.0,592.0,False,True,614.5130000077188,0.8902255639097745,0.8902255639097745,592.0,73.0,20.5
297,heterogeneity,"[[181, 164, 105]]",1.9641292294889443,1414,240,Simulation (reference),293.0,369.0,76.0,False,True,195.57650003116578,1.0,1.0,76.0,0.0,0.0
297,heterogeneity,"[[181, 164, 105]]",1.9641292294889443,1414,240,ehp CI,292.0,369.0,77.0,False,True,28.01560005173087,1.013157894736842,0.987012987012987,76.0,1.0,0.5
297,heterogeneity,"[[181, 164, 105]]",1.9641292294889443,1414,240,Established CI #1,262.1820588178794,304.6036554678349,42.42159664995552,False,True,0.2704999642446637,0.5581789032888884,0.10863021079999219,11.603655467834926,95.21428571428567,47.60714285714283
297,heterogeneity,"[[181, 164, 105]]",1.9641292294889443,1414,240,Established CI #2,292.0,367.0,75.0,False,True,1825.6133999675512,0.9868421052631579,0.961038961038961,74.0,3.0,1.5
298,heterogeneity,"[[172, 147, 41]]",0.8502509884636876,3084,278,Simulation (reference),470.0,725.0,255.0,False,True,436.6718999808654,1.0,1.0,255.0,0.0,0.0
298,heterogeneity,"[[172, 147, 41]]",0.8502509884636876,3084,278,ehp CI,465.0,719.0,254.0,False,True,51.43769993446767,0.996078431372549,0.9576923076923077,249.0,11.0,5.5
298,heterogeneity,"[[172, 147, 41]]",0.8502509884636876,3084,278,Established CI #1,479.38599755237726,761.6018073256715,282.21580977329427,False,True,0.20490004681050777,1.1067286657776245,0.8422924559356797,245.61400244762274,45.98780487804879,22.993902439024396
298,heterogeneity,"[[172, 147, 41]]",0.8502509884636876,3084,278,Established CI #2,468.0,714.0,246.0,False,True,3724.2591000394896,0.9647058823529412,0.9494163424124513,244.0,13.0,6.5
299,heterogeneity,"[[192, 181, 175]]",1.7454877053466116,1000,198,Simulation (reference),198.0,202.0,4.0,False,True,125.94960001297295,1.0,1.0,4.0,0.0,0.0
299,heterogeneity,"[[192, 181, 175]]",1.7454877053466116,1000,198,ehp CI,198.0,202.0,4.0,False,True,25.56340000592172,1.0,1.0,4.0,0.0,0.0
299,heterogeneity,"[[192, 181, 175]]",1.7454877053466116,1000,198,Established CI #1,198.0,200.57151295918428,2.5715129591842754,False,True,0.20269991364330053,0.6428782397960688,0.6428782397960688,2.5715129591842754,1.4284870408157246,0.7142435204078765
299,heterogeneity,"[[192, 181, 175]]",1.7454877053466116,1000,198,Established CI #2,198.0,201.0,3.0,False,True,1157.7256999444216,0.75,0.75,3.0,1.0,0.5
